<Anims>
 <anim name="anim" root="text_sparkle" numframes="500" framerate="40">
  <frame idx="0" w="2" h="2" x="-0.500000" y="-0.500000">
   <element name="sparkle" layername="sparkle" frame="0" z_index="1" m_a="0.000010" m_b="0.000000" m_c="0.000000" m_d="0.000010" m_tx="0.000000" m_ty="0.000000"/>
  </frame>
  <frame idx="25" w="18" h="31" x="-1.500000" y="-3.000000">
   <element name="sparkle" layername="sparkle" frame="0" z_index="1" m_a="0.095772" m_b="0.031486" m_c="-0.031486" m_d="0.095772" m_tx="0.000000" m_ty="0.000000"/>
  </frame>
  <frame idx="50" w="16" h="69" x="-1.500000" y="-6.000000">
   <element name="sparkle" layername="sparkle" frame="0" z_index="1" m_a="0.162287" m_b="0.119637" m_c="-0.119637" m_d="0.162287" m_tx="0.000000" m_ty="0.000000"/>
  </frame>
  <frame idx="75" w="11" h="105" x="-9.497803" y="-9.000000">
   <element name="sparkle" layername="sparkle" frame="0" z_index="1" m_a="0.175206" m_b="0.246501" m_c="-0.246501" m_d="0.175206" m_tx="0.000000" m_ty="0.000000"/>
  </frame>
  <frame idx="100" w="57" h="128" x="-51.651249" y="-11.000000">
   <element name="sparkle" layername="sparkle" frame="0" z_index="1" m_a="0.119274" m_b="0.385183" m_c="-0.385183" m_d="0.119274" m_tx="0.000000" m_ty="0.000000"/>
  </frame>
  <frame idx="125" w="117" h="130" x="-106.584877" y="-11.000000">
   <element name="sparkle" layername="sparkle" frame="0" z_index="1" m_a="-0.008577" m_b="0.503895" m_c="-0.503895" m_d="-0.008577" m_tx="0.000000" m_ty="0.000000"/>
  </frame>
  <frame idx="150" w="180" h="105" x="-164.215698" y="-9.000000">
   <element name="sparkle" layername="sparkle" frame="0" z_index="1" m_a="-0.193607" m_b="0.571258" m_c="-0.571258" m_d="-0.193607" m_tx="0.000000" m_ty="0.000000"/>
  </frame>
  <frame idx="175" w="237" h="53" x="-216.367218" y="-4.500000">
   <element name="sparkle" layername="sparkle" frame="0" z_index="1" m_a="-0.417490" m_b="0.564837" m_c="-0.564837" m_d="-0.417490" m_tx="0.000000" m_ty="0.000000"/>
  </frame>
  <frame idx="200" w="275" h="27" x="-251.576096" y="-23.510277">
   <element name="sparkle" layername="sparkle" frame="0" z_index="1" m_a="-0.650273" m_b="0.468708" m_c="-0.468708" m_d="-0.650273" m_tx="0.000000" m_ty="0.000000"/>
  </frame>
  <frame idx="225" w="286" h="122" x="-261.444366" y="-111.283714">
   <element name="sparkle" layername="sparkle" frame="0" z_index="1" m_a="-0.856528" m_b="0.278906" m_c="-0.278906" m_d="-0.856528" m_tx="0.000000" m_ty="0.000000"/>
  </frame>
  <frame idx="250" w="261" h="225" x="-238.946732" y="-205.906693">
   <element name="sparkle" layername="sparkle" frame="0" z_index="1" m_a="-0.999987" m_b="0.005050" m_c="-0.005050" m_d="-0.999987" m_tx="0.000000" m_ty="0.000000"/>
  </frame>
  <frame idx="275" w="161" h="266" x="-146.991547" y="-242.954102">
   <element name="sparkle" layername="sparkle" frame="0" z_index="1" m_a="-0.857068" m_b="-0.274655" m_c="0.274655" m_d="-0.857068" m_tx="0.000000" m_ty="0.000000"/>
  </frame>
  <frame idx="300" w="64" h="269" x="-57.571465" y="-245.588684">
   <element name="sparkle" layername="sparkle" frame="0" z_index="1" m_a="-0.648636" m_b="-0.468265" m_c="0.468265" m_d="-0.648636" m_tx="0.000000" m_ty="0.000000"/>
  </frame>
  <frame idx="325" w="22" h="241" x="-2.000000" y="-220.211044">
   <element name="sparkle" layername="sparkle" frame="0" z_index="1" m_a="-0.412593" m_b="-0.565479" m_c="0.565479" m_d="-0.412593" m_tx="0.000000" m_ty="0.000000"/>
  </frame>
  <frame idx="350" w="82" h="191" x="-7.000000" y="-174.181870">
   <element name="sparkle" layername="sparkle" frame="0" z_index="1" m_a="-0.185986" m_b="-0.570446" m_c="0.570446" m_d="-0.185986" m_tx="0.000000" m_ty="0.000000"/>
  </frame>
  <frame idx="375" w="113" h="131" x="-9.500000" y="-119.000008">
   <element name="sparkle" layername="sparkle" frame="0" z_index="1" m_a="-0.000000" m_b="-0.500000" m_c="0.500000" m_d="-0.000000" m_tx="0.000000" m_ty="0.000000"/>
  </frame>
  <frame idx="400" w="119" h="71" x="-10.000000" y="-64.363297">
   <element name="sparkle" layername="sparkle" frame="0" z_index="1" m_a="0.125810" m_b="-0.379702" m_c="0.379702" m_d="0.125810" m_tx="0.000000" m_ty="0.000000"/>
  </frame>
  <frame idx="425" w="101" h="23" x="-8.500000" y="-20.301826">
   <element name="sparkle" layername="sparkle" frame="0" z_index="1" m_a="0.179139" m_b="-0.240648" m_c="0.240648" m_d="0.179139" m_tx="0.000000" m_ty="0.000000"/>
  </frame>
  <frame idx="450" w="69" h="9" x="-6.000000" y="-1.000000">
   <element name="sparkle" layername="sparkle" frame="0" z_index="1" m_a="0.163828" m_b="-0.114730" m_c="0.114730" m_d="0.163828" m_tx="0.000000" m_ty="0.000000"/>
  </frame>
  <frame idx="475" w="33" h="15" x="-3.000000" y="-1.500000">
   <element name="sparkle" layername="sparkle" frame="0" z_index="1" m_a="0.095804" m_b="-0.028691" m_c="0.028691" m_d="0.095804" m_tx="0.000000" m_ty="0.000000"/>
  </frame>
 </anim>
</Anims>
