<Anims>
 <anim name="anim" root="text_sparkle" numframes="500" framerate="40">
  <frame idx="0" w="2" h="2" x="0.000000" y="0.000000">
   <element name="sparkle" layername="sparkle" frame="0" z_index="1" m_a="0.000010" m_b="0.000000" m_c="0.000000" m_d="0.000010" m_tx="0.000000" m_ty="0.000000"/>
  </frame>
  <frame idx="25" w="30" h="28" x="6.080708" y="11.000000">
   <element name="sparkle" layername="sparkle" frame="0" z_index="1" m_a="0.095772" m_b="0.031486" m_c="-0.031486" m_d="0.095772" m_tx="0.000000" m_ty="0.000000"/>
  </frame>
  <frame idx="50" w="64" h="63" x="3.508291" y="25.500000">
   <element name="sparkle" layername="sparkle" frame="0" z_index="1" m_a="0.162287" m_b="0.119637" m_c="-0.119637" m_d="0.162287" m_tx="0.000000" m_ty="0.000000"/>
  </frame>
  <frame idx="75" w="94" h="96" x="-8.342228" y="39.000000">
   <element name="sparkle" layername="sparkle" frame="0" z_index="1" m_a="0.175206" m_b="0.246501" m_c="-0.246501" m_d="0.175206" m_tx="0.000000" m_ty="0.000000"/>
  </frame>
  <frame idx="100" w="109" h="117" x="-27.914482" y="47.500000">
   <element name="sparkle" layername="sparkle" frame="0" z_index="1" m_a="0.119274" m_b="0.385183" m_c="-0.385183" m_d="0.119274" m_tx="0.000000" m_ty="0.000000"/>
  </frame>
  <frame idx="125" w="107" h="123" x="-53.084877" y="47.887569">
   <element name="sparkle" layername="sparkle" frame="0" z_index="1" m_a="-0.008577" m_b="0.503895" m_c="-0.503895" m_d="-0.008577" m_tx="0.000000" m_ty="0.000000"/>
  </frame>
  <frame idx="150" w="165" h="176" x="-81.715698" y="35.601830">
   <element name="sparkle" layername="sparkle" frame="0" z_index="1" m_a="-0.193607" m_b="0.571258" m_c="-0.571258" m_d="-0.193607" m_tx="0.000000" m_ty="0.000000"/>
  </frame>
  <frame idx="175" w="217" h="222" x="-107.867233" y="11.511894">
   <element name="sparkle" layername="sparkle" frame="0" z_index="1" m_a="-0.417490" m_b="0.564837" m_c="-0.564837" m_d="-0.417490" m_tx="0.000000" m_ty="0.000000"/>
  </frame>
  <frame idx="200" w="252" h="247" x="-125.576096" y="-21.751328">
   <element name="sparkle" layername="sparkle" frame="0" z_index="1" m_a="-0.650273" m_b="0.468708" m_c="-0.468708" m_d="-0.650273" m_tx="0.000000" m_ty="0.000000"/>
  </frame>
  <frame idx="225" w="262" h="245" x="-130.444412" y="-61.527328">
   <element name="sparkle" layername="sparkle" frame="0" z_index="1" m_a="-0.856528" m_b="0.278906" m_c="-0.278906" m_d="-0.856528" m_tx="0.000000" m_ty="0.000000"/>
  </frame>
  <frame idx="250" w="239" h="209" x="-119.446732" y="-102.497604">
   <element name="sparkle" layername="sparkle" frame="0" z_index="1" m_a="-0.999987" m_b="0.005050" m_c="-0.005050" m_d="-0.999987" m_tx="0.000000" m_ty="0.000000"/>
  </frame>
  <frame idx="275" w="261" h="244" x="-78.626602" y="-121.454102">
   <element name="sparkle" layername="sparkle" frame="0" z_index="1" m_a="-0.857068" m_b="-0.274655" m_c="0.274655" m_d="-0.857068" m_tx="0.000000" m_ty="0.000000"/>
  </frame>
  <frame idx="300" w="252" h="247" x="-37.105270" y="-122.588699">
   <element name="sparkle" layername="sparkle" frame="0" z_index="1" m_a="-0.648636" m_b="-0.468265" m_c="0.468265" m_d="-0.648636" m_tx="0.000000" m_ty="0.000000"/>
  </frame>
  <frame idx="325" w="216" h="220" x="-1.120087" y="-109.711044">
   <element name="sparkle" layername="sparkle" frame="0" z_index="1" m_a="-0.412593" m_b="-0.565479" m_c="0.565479" m_d="-0.412593" m_tx="0.000000" m_ty="0.000000"/>
  </frame>
  <frame idx="350" w="163" h="175" x="26.326916" y="-86.681885">
   <element name="sparkle" layername="sparkle" frame="0" z_index="1" m_a="-0.185987" m_b="-0.570446" m_c="0.570446" m_d="-0.185987" m_tx="0.000000" m_ty="0.000000"/>
  </frame>
  <frame idx="375" w="105" h="120" x="42.499996" y="-59.000008">
   <element name="sparkle" layername="sparkle" frame="0" z_index="1" m_a="-0.000000" m_b="-0.500000" m_c="0.500000" m_d="-0.000000" m_tx="0.000000" m_ty="0.000000"/>
  </frame>
  <frame idx="400" w="109" h="117" x="44.500000" y="-34.515579">
   <element name="sparkle" layername="sparkle" frame="0" z_index="1" m_a="0.125810" m_b="-0.379702" m_c="0.379702" m_d="0.125810" m_tx="0.000000" m_ty="0.000000"/>
  </frame>
  <frame idx="425" w="93" h="95" x="37.500000" y="-13.480003">
   <element name="sparkle" layername="sparkle" frame="0" z_index="1" m_a="0.179139" m_b="-0.240648" m_c="0.240648" m_d="0.179139" m_tx="0.000000" m_ty="0.000000"/>
  </frame>
  <frame idx="450" w="63" h="62" x="25.500000" y="0.218390">
   <element name="sparkle" layername="sparkle" frame="0" z_index="1" m_a="0.163828" m_b="-0.114730" m_c="0.114730" m_d="0.163828" m_tx="0.000000" m_ty="0.000000"/>
  </frame>
  <frame idx="475" w="30" h="28" x="12.000000" y="4.802710">
   <element name="sparkle" layername="sparkle" frame="0" z_index="1" m_a="0.095804" m_b="-0.028691" m_c="0.028691" m_d="0.095804" m_tx="0.000000" m_ty="0.000000"/>
  </frame>
 </anim>
</Anims>
