<Anims>
 <anim name="anim" root="mods_button" numframes="200" framerate="40">
  <frame idx="0" w="207" h="165" x="-51.187725" y="-14.000000">
   <element name="bg" layername="BG" frame="0" z_index="36" m_a="1.000000" m_b="0.000000" m_c="0.000000" m_d="1.000000" m_tx="0.000000" m_ty="0.000000"/>
   <element name="m" layername="M" frame="0" z_index="35" m_a="1.000000" m_b="0.000000" m_c="0.000000" m_d="1.000000" m_tx="-33.687725" m_ty="41.000000"/>
   <element name="o" layername="O" frame="0" z_index="33" m_a="1.000000" m_b="0.000000" m_c="0.000000" m_d="1.000000" m_tx="2.122134" m_ty="0.000000"/>
   <element name="d" layername="D" frame="0" z_index="34" m_a="1.000000" m_b="0.000000" m_c="0.000000" m_d="1.000000" m_tx="35.965034" m_ty="42.500000"/>
  </frame>
  <frame idx="25" w="207" h="165" x="-51.187725" y="-14.000000">
   <element name="bg" layername="BG" frame="0" z_index="36" m_a="1.000000" m_b="0.000000" m_c="0.000000" m_d="1.000000" m_tx="0.000000" m_ty="0.000000"/>
   <element name="m" layername="M" frame="0" z_index="35" m_a="1.000000" m_b="0.000000" m_c="0.000000" m_d="1.000000" m_tx="-33.687725" m_ty="41.000000"/>
   <element name="o" layername="O" frame="0" z_index="33" m_a="1.000000" m_b="0.000000" m_c="0.000000" m_d="1.000000" m_tx="2.122134" m_ty="0.000000"/>
   <element name="d" layername="D" frame="0" z_index="34" m_a="1.000000" m_b="0.000000" m_c="0.000000" m_d="1.000000" m_tx="35.965034" m_ty="42.500000"/>
  </frame>
  <frame idx="50" w="207" h="165" x="-51.187725" y="-14.000000">
   <element name="bg" layername="BG" frame="0" z_index="36" m_a="1.000000" m_b="0.000000" m_c="0.000000" m_d="1.000000" m_tx="0.000000" m_ty="0.000000"/>
   <element name="m" layername="M" frame="0" z_index="35" m_a="1.000000" m_b="0.000000" m_c="0.000000" m_d="1.000000" m_tx="-33.687725" m_ty="41.000000"/>
   <element name="o" layername="O" frame="0" z_index="33" m_a="1.000000" m_b="0.000000" m_c="0.000000" m_d="1.000000" m_tx="2.122134" m_ty="0.000000"/>
   <element name="d" layername="D" frame="0" z_index="34" m_a="1.000000" m_b="0.000000" m_c="0.000000" m_d="1.000000" m_tx="35.965034" m_ty="42.500000"/>
  </frame>
  <frame idx="75" w="207" h="165" x="-51.187725" y="-14.000000">
   <element name="bg" layername="BG" frame="0" z_index="36" m_a="1.000000" m_b="0.000000" m_c="0.000000" m_d="1.000000" m_tx="0.000000" m_ty="0.000000"/>
   <element name="m" layername="M" frame="0" z_index="35" m_a="1.000000" m_b="0.000000" m_c="0.000000" m_d="1.000000" m_tx="-33.687725" m_ty="41.000000"/>
   <element name="o" layername="O" frame="0" z_index="33" m_a="1.000000" m_b="0.000000" m_c="0.000000" m_d="1.000000" m_tx="2.122134" m_ty="0.000000"/>
   <element name="d" layername="D" frame="0" z_index="34" m_a="1.000000" m_b="0.000000" m_c="0.000000" m_d="1.000000" m_tx="35.965034" m_ty="42.500000"/>
  </frame>
  <frame idx="100" w="207" h="165" x="-51.187725" y="-14.000000">
   <element name="bg" layername="BG" frame="0" z_index="36" m_a="1.000000" m_b="0.000000" m_c="0.000000" m_d="1.000000" m_tx="0.000000" m_ty="0.000000"/>
   <element name="m" layername="M" frame="1" z_index="35" m_a="1.000000" m_b="0.000000" m_c="0.000000" m_d="1.000000" m_tx="-33.687725" m_ty="41.000000"/>
   <element name="o" layername="O" frame="1" z_index="33" m_a="1.000000" m_b="0.000000" m_c="0.000000" m_d="1.000000" m_tx="2.122134" m_ty="0.000000"/>
   <element name="d" layername="D" frame="1" z_index="34" m_a="1.000000" m_b="0.000000" m_c="0.000000" m_d="1.000000" m_tx="35.965034" m_ty="42.500000"/>
  </frame>
  <frame idx="125" w="207" h="165" x="-51.187725" y="-14.000000">
   <element name="bg" layername="BG" frame="0" z_index="36" m_a="1.000000" m_b="0.000000" m_c="0.000000" m_d="1.000000" m_tx="0.000000" m_ty="0.000000"/>
   <element name="m" layername="M" frame="1" z_index="35" m_a="1.000000" m_b="0.000000" m_c="0.000000" m_d="1.000000" m_tx="-33.687725" m_ty="41.000000"/>
   <element name="o" layername="O" frame="1" z_index="33" m_a="1.000000" m_b="0.000000" m_c="0.000000" m_d="1.000000" m_tx="2.122134" m_ty="0.000000"/>
   <element name="d" layername="D" frame="1" z_index="34" m_a="1.000000" m_b="0.000000" m_c="0.000000" m_d="1.000000" m_tx="35.965034" m_ty="42.500000"/>
  </frame>
  <frame idx="150" w="207" h="165" x="-51.187725" y="-14.000000">
   <element name="bg" layername="BG" frame="0" z_index="36" m_a="1.000000" m_b="0.000000" m_c="0.000000" m_d="1.000000" m_tx="0.000000" m_ty="0.000000"/>
   <element name="m" layername="M" frame="1" z_index="35" m_a="1.000000" m_b="0.000000" m_c="0.000000" m_d="1.000000" m_tx="-33.687725" m_ty="41.000000"/>
   <element name="o" layername="O" frame="1" z_index="33" m_a="1.000000" m_b="0.000000" m_c="0.000000" m_d="1.000000" m_tx="2.122134" m_ty="0.000000"/>
   <element name="d" layername="D" frame="1" z_index="34" m_a="1.000000" m_b="0.000000" m_c="0.000000" m_d="1.000000" m_tx="35.965034" m_ty="42.500000"/>
  </frame>
  <frame idx="175" w="207" h="165" x="-51.187725" y="-14.000000">
   <element name="bg" layername="BG" frame="0" z_index="36" m_a="1.000000" m_b="0.000000" m_c="0.000000" m_d="1.000000" m_tx="0.000000" m_ty="0.000000"/>
   <element name="m" layername="M" frame="1" z_index="35" m_a="1.000000" m_b="0.000000" m_c="0.000000" m_d="1.000000" m_tx="-33.687725" m_ty="41.000000"/>
   <element name="o" layername="O" frame="1" z_index="33" m_a="1.000000" m_b="0.000000" m_c="0.000000" m_d="1.000000" m_tx="2.122134" m_ty="0.000000"/>
   <element name="d" layername="D" frame="1" z_index="34" m_a="1.000000" m_b="0.000000" m_c="0.000000" m_d="1.000000" m_tx="35.965034" m_ty="42.500000"/>
  </frame>
 </anim>
 <anim name="onclick_enabled" root="mods_button" numframes="500" framerate="40">
  <frame idx="0" w="207" h="165" x="-51.187737" y="-14.000000">
   <element name="bg" layername="BG" frame="0" z_index="36" m_a="1.000000" m_b="-0.000000" m_c="0.000000" m_d="1.000000" m_tx="0.000000" m_ty="0.000000"/>
   <element name="m" layername="M" frame="0" z_index="35" m_a="1.000000" m_b="-0.000000" m_c="0.000000" m_d="1.000000" m_tx="-33.687729" m_ty="41.000000"/>
   <element name="o" layername="O" frame="0" z_index="33" m_a="1.000000" m_b="-0.000000" m_c="0.000000" m_d="1.000000" m_tx="2.122134" m_ty="0.000000"/>
   <element name="d" layername="D" frame="0" z_index="34" m_a="1.000000" m_b="-0.000000" m_c="0.000000" m_d="1.000000" m_tx="35.965034" m_ty="42.500000"/>
  </frame>
  <frame idx="25" w="224" h="124" x="-47.870972" y="-20.441195">
   <element name="bg" layername="BG" frame="0" z_index="36" m_a="0.857018" m_b="-0.276412" m_c="0.276412" m_d="0.857018" m_tx="0.000000" m_ty="0.000000"/>
   <element name="m" layername="M" frame="0" z_index="35" m_a="0.857018" m_b="-0.276412" m_c="0.276412" m_d="0.857018" m_tx="-17.538057" m_ty="44.449440"/>
   <element name="o" layername="O" frame="0" z_index="33" m_a="0.857018" m_b="-0.276412" m_c="0.276412" m_d="0.857018" m_tx="1.818706" m_ty="-0.586584"/>
   <element name="d" layername="D" frame="0" z_index="34" m_a="0.857018" m_b="-0.276412" m_c="0.276412" m_d="0.857018" m_tx="42.570213" m_ty="26.482061"/>
  </frame>
  <frame idx="50" w="212" h="94" x="-39.898346" y="-24.831476">
   <element name="bg" layername="BG" frame="0" z_index="36" m_a="0.650039" m_b="-0.467995" m_c="0.467995" m_d="0.650039" m_tx="0.000000" m_ty="0.000000"/>
   <element name="m" layername="M" frame="0" z_index="35" m_a="0.650039" m_b="-0.467995" m_c="0.467995" m_d="0.650039" m_tx="-2.710531" m_ty="42.417313"/>
   <element name="o" layername="O" frame="0" z_index="33" m_a="0.650039" m_b="-0.467995" m_c="0.467995" m_d="0.650039" m_tx="1.379470" m_ty="-0.993149"/>
   <element name="d" layername="D" frame="0" z_index="34" m_a="0.650039" m_b="-0.467995" m_c="0.467995" m_d="0.650039" m_tx="43.268494" m_ty="10.795195"/>
  </frame>
  <frame idx="75" w="179" h="61" x="-29.013783" y="-26.453506">
   <element name="bg" layername="BG" frame="0" z_index="36" m_a="0.415991" m_b="-0.564813" m_c="0.564813" m_d="0.415991" m_tx="0.000000" m_ty="0.000000"/>
   <element name="m" layername="M" frame="0" z_index="35" m_a="0.415991" m_b="-0.564813" m_c="0.564813" m_d="0.415991" m_tx="9.143570" m_ty="36.082909"/>
   <element name="o" layername="O" frame="0" z_index="33" m_a="0.415991" m_b="-0.564813" m_c="0.564813" m_d="0.415991" m_tx="0.882788" m_ty="-1.198610"/>
   <element name="d" layername="D" frame="0" z_index="34" m_a="0.415991" m_b="-0.564813" m_c="0.564813" m_d="0.415991" m_tx="38.965698" m_ty="-2.633928"/>
  </frame>
  <frame idx="100" w="134" h="87" x="-17.933205" y="-60.117523">
   <element name="bg" layername="BG" frame="0" z_index="36" m_a="0.190966" m_b="-0.570868" m_c="0.570868" m_d="0.190966" m_tx="0.000000" m_ty="0.000000"/>
   <element name="m" layername="M" frame="0" z_index="35" m_a="0.190966" m_b="-0.570868" m_c="0.570868" m_d="0.190966" m_tx="16.972401" m_ty="27.060858"/>
   <element name="o" layername="O" frame="0" z_index="33" m_a="0.190966" m_b="-0.570868" m_c="0.570868" m_d="0.190966" m_tx="0.405255" m_ty="-1.211459"/>
   <element name="d" layername="D" frame="0" z_index="34" m_a="0.190966" m_b="-0.570868" m_c="0.570868" m_d="0.190966" m_tx="31.130001" m_ty="-12.415256"/>
  </frame>
  <frame idx="125" w="84" h="104" x="-7.183168" y="-77.589561">
   <element name="bg" layername="BG" frame="0" z_index="36" m_a="0.005437" m_b="-0.502424" m_c="0.502424" m_d="0.005437" m_tx="0.000000" m_ty="0.000000"/>
   <element name="m" layername="M" frame="0" z_index="35" m_a="0.005437" m_b="-0.502424" m_c="0.502424" m_d="0.005437" m_tx="20.416199" m_ty="17.148432"/>
   <element name="o" layername="O" frame="0" z_index="33" m_a="0.005437" m_b="-0.502424" m_c="0.502424" m_d="0.005437" m_tx="0.011539" m_ty="-1.066210"/>
   <element name="d" layername="D" frame="0" z_index="34" m_a="0.005437" m_b="-0.502424" m_c="0.502424" m_d="0.005437" m_tx="21.548550" m_ty="-17.838598"/>
  </frame>
  <frame idx="150" w="50" h="100" x="-8.798882" y="-77.978882">
   <element name="bg" layername="BG" frame="0" z_index="36" m_a="-0.119530" m_b="-0.384807" m_c="0.384807" m_d="-0.119530" m_tx="0.000000" m_ty="0.000000"/>
   <element name="m" layername="M" frame="0" z_index="35" m_a="-0.119530" m_b="-0.384807" m_c="0.384807" m_d="-0.119530" m_tx="19.803755" m_ty="8.062551"/>
   <element name="o" layername="O" frame="0" z_index="33" m_a="-0.119530" m_b="-0.384807" m_c="0.384807" m_d="-0.119530" m_tx="-0.253658" m_ty="-0.816611"/>
   <element name="d" layername="D" frame="0" z_index="34" m_a="-0.119530" m_b="-0.384807" m_c="0.384807" m_d="-0.119530" m_tx="12.055400" m_ty="-18.919592"/>
  </frame>
  <frame idx="175" w="31" h="81" x="-9.280026" y="-65.167908">
   <element name="bg" layername="BG" frame="0" z_index="36" m_a="-0.174615" m_b="-0.248157" m_c="0.248157" m_d="-0.174615" m_tx="0.000000" m_ty="0.000000"/>
   <element name="m" layername="M" frame="0" z_index="35" m_a="-0.174615" m_b="-0.248157" m_c="0.248157" m_d="-0.174615" m_tx="16.056820" m_ty="1.200650"/>
   <element name="o" layername="O" frame="0" z_index="33" m_a="-0.174615" m_b="-0.248157" m_c="0.248157" m_d="-0.174615" m_tx="-0.370556" m_ty="-0.526623"/>
   <element name="d" layername="D" frame="0" z_index="34" m_a="-0.174615" m_b="-0.248157" m_c="0.248157" m_d="-0.174615" m_tx="4.266659" m_ty="-16.346107"/>
  </frame>
  <frame idx="200" w="18" h="53" x="-7.357938" y="-43.747299">
   <element name="bg" layername="BG" frame="0" z_index="36" m_a="-0.162879" m_b="-0.122702" m_c="0.122702" m_d="-0.162879" m_tx="0.000000" m_ty="0.000000"/>
   <element name="m" layername="M" frame="0" z_index="35" m_a="-0.162879" m_b="-0.122702" m_c="0.122702" m_d="-0.162879" m_tx="10.517808" m_ty="-2.544457"/>
   <element name="o" layername="O" frame="0" z_index="33" m_a="-0.162879" m_b="-0.122702" m_c="0.122702" m_d="-0.162879" m_tx="-0.345650" m_ty="-0.260391"/>
   <element name="d" layername="D" frame="0" z_index="34" m_a="-0.162879" m_b="-0.122702" m_c="0.122702" m_d="-0.162879" m_tx="-0.643082" m_ty="-11.335337"/>
  </frame>
  <frame idx="225" w="16" h="24" x="-10.430143" y="-20.234903">
   <element name="bg" layername="BG" frame="0" z_index="36" m_a="-0.098658" m_b="-0.034194" m_c="0.034194" m_d="-0.098658" m_tx="0.000000" m_ty="0.000000"/>
   <element name="m" layername="M" frame="0" z_index="35" m_a="-0.098658" m_b="-0.034194" m_c="0.034194" m_d="-0.098658" m_tx="4.725516" m_ty="-2.893038"/>
   <element name="o" layername="O" frame="0" z_index="33" m_a="-0.098658" m_b="-0.034194" m_c="0.034194" m_d="-0.098658" m_tx="-0.209365" m_ty="-0.072565"/>
   <element name="d" layername="D" frame="0" z_index="34" m_a="-0.098658" m_b="-0.034194" m_c="0.034194" m_d="-0.098658" m_tx="-2.094971" m_ty="-5.422748"/>
  </frame>
  <frame idx="250" w="2" h="2" x="-1.162324" y="-1.186616">
   <element name="bg" layername="BG" frame="0" z_index="36" m_a="-0.004905" m_b="-0.000106" m_c="0.000106" m_d="-0.004905" m_tx="0.000000" m_ty="0.000000"/>
   <element name="m" layername="M" frame="1" z_index="35" m_a="-0.004905" m_b="-0.000106" m_c="0.000106" m_d="-0.004905" m_tx="0.169586" m_ty="-0.197522"/>
   <element name="o" layername="O" frame="1" z_index="33" m_a="-0.004905" m_b="-0.000106" m_c="0.000106" m_d="-0.004905" m_tx="-0.010409" m_ty="-0.000225"/>
   <element name="d" layername="D" frame="1" z_index="34" m_a="-0.004905" m_b="-0.000106" m_c="0.000106" m_d="-0.004905" m_tx="-0.171891" m_ty="-0.212275"/>
  </frame>
  <frame idx="275" w="27" h="15" x="-20.364853" y="-12.347202">
   <element name="bg" layername="BG" frame="0" z_index="36" m_a="-0.099425" m_b="0.030250" m_c="-0.030250" m_d="-0.099425" m_tx="0.000000" m_ty="0.000000"/>
   <element name="m" layername="M" frame="1" z_index="35" m_a="-0.099425" m_b="0.030250" m_c="-0.030250" m_d="-0.099425" m_tx="2.109164" m_ty="-5.095466"/>
   <element name="o" layername="O" frame="1" z_index="33" m_a="-0.099425" m_b="0.030250" m_c="-0.030250" m_d="-0.099425" m_tx="-0.210993" m_ty="0.064194"/>
   <element name="d" layername="D" frame="1" z_index="34" m_a="-0.099425" m_b="0.030250" m_c="-0.030250" m_d="-0.099425" m_tx="-4.861434" m_ty="-3.137630"/>
  </frame>
  <frame idx="300" w="55" h="24" x="-43.898502" y="-17.539360">
   <element name="bg" layername="BG" frame="0" z_index="36" m_a="-0.166070" m_b="0.116649" m_c="-0.116649" m_d="-0.166070" m_tx="0.000000" m_ty="0.000000"/>
   <element name="m" layername="M" frame="1" z_index="35" m_a="-0.166070" m_b="0.116649" m_c="-0.116649" m_d="-0.166070" m_tx="0.811928" m_ty="-10.738492"/>
   <element name="o" layername="O" frame="1" z_index="33" m_a="-0.166070" m_b="0.116649" m_c="-0.116649" m_d="-0.166070" m_tx="-0.352423" m_ty="0.247544"/>
   <element name="d" layername="D" frame="1" z_index="34" m_a="-0.166070" m_b="0.116649" m_c="-0.116649" m_d="-0.166070" m_tx="-10.930274" m_ty="-2.862703"/>
  </frame>
  <frame idx="325" w="78" h="27" x="-64.580109" y="-14.921016">
   <element name="bg" layername="BG" frame="0" z_index="36" m_a="-0.180685" m_b="0.241938" m_c="-0.241938" m_d="-0.180685" m_tx="0.000000" m_ty="0.000000"/>
   <element name="m" layername="M" frame="1" z_index="35" m_a="-0.180685" m_b="0.241938" m_c="-0.241938" m_d="-0.180685" m_tx="-3.832583" m_ty="-15.558450"/>
   <element name="o" layername="O" frame="1" z_index="33" m_a="-0.180685" m_b="0.241938" m_c="-0.241938" m_d="-0.180685" m_tx="-0.383439" m_ty="0.513425"/>
   <element name="d" layername="D" frame="1" z_index="34" m_a="-0.180685" m_b="0.241938" m_c="-0.241938" m_d="-0.180685" m_tx="-16.780729" m_ty="1.022183"/>
  </frame>
  <frame idx="350" w="90" h="58" x="-77.209427" y="-17.803259">
   <element name="bg" layername="BG" frame="0" z_index="36" m_a="-0.127838" m_b="0.380057" m_c="-0.380057" m_d="-0.127838" m_tx="0.000000" m_ty="0.000000"/>
   <element name="m" layername="M" frame="1" z_index="35" m_a="-0.127838" m_b="0.380057" m_c="-0.380057" m_d="-0.127838" m_tx="-11.275801" m_ty="-18.044598"/>
   <element name="o" layername="O" frame="1" z_index="33" m_a="-0.127838" m_b="0.380057" m_c="-0.380057" m_d="-0.127838" m_tx="-0.271288" m_ty="0.806532"/>
   <element name="d" layername="D" frame="1" z_index="34" m_a="-0.127838" m_b="0.380057" m_c="-0.380057" m_d="-0.127838" m_tx="-20.750109" m_ty="8.235687"/>
  </frame>
  <frame idx="375" w="84" h="104" x="-76.014450" y="-25.843391">
   <element name="bg" layername="BG" frame="0" z_index="36" m_a="-0.003742" m_b="0.499986" m_c="-0.499986" m_d="-0.003742" m_tx="0.000000" m_ty="0.000000"/>
   <element name="m" layername="M" frame="1" z_index="35" m_a="-0.003742" m_b="0.499986" m_c="-0.499986" m_d="-0.003742" m_tx="-20.373373" m_ty="-16.996807"/>
   <element name="o" layername="O" frame="1" z_index="33" m_a="-0.003742" m_b="0.499986" m_c="-0.499986" m_d="-0.003742" m_tx="-0.007941" m_ty="1.061037"/>
   <element name="d" layername="D" frame="1" z_index="34" m_a="-0.003742" m_b="0.499986" m_c="-0.499986" m_d="-0.003742" m_tx="-21.383980" m_ty="17.822987"/>
  </frame>
  <frame idx="400" w="72" h="148" x="-59.484703" y="-31.776405">
   <element name="bg" layername="BG" frame="0" z_index="36" m_a="0.180492" m_b="0.572209" m_c="-0.572209" m_d="0.180492" m_tx="0.000000" m_ty="0.000000"/>
   <element name="m" layername="M" frame="1" z_index="35" m_a="0.180492" m_b="0.572209" m_c="-0.572209" m_d="0.180492" m_tx="-29.540916" m_ty="-11.876238"/>
   <element name="o" layername="O" frame="1" z_index="33" m_a="0.180492" m_b="0.572209" m_c="-0.572209" m_d="0.180492" m_tx="0.383028" m_ty="1.214303"/>
   <element name="d" layername="D" frame="1" z_index="34" m_a="0.180492" m_b="0.572209" m_c="-0.572209" m_d="0.180492" m_tx="-17.827467" m_ty="28.250408"/>
  </frame>
  <frame idx="425" w="70" h="185" x="-48.577705" y="-34.711723">
   <element name="bg" layername="BG" frame="0" z_index="36" m_a="0.405920" m_b="0.570289" m_c="-0.570289" m_d="0.405920" m_tx="0.000000" m_ty="0.000000"/>
   <element name="m" layername="M" frame="1" z_index="35" m_a="0.405920" m_b="0.570289" m_c="-0.570289" m_d="0.405920" m_tx="-37.056347" m_ty="-2.569010"/>
   <element name="o" layername="O" frame="1" z_index="33" m_a="0.405920" m_b="0.570289" m_c="-0.570289" m_d="0.405920" m_tx="0.861416" m_ty="1.210229"/>
   <element name="d" layername="D" frame="1" z_index="34" m_a="0.405920" m_b="0.570289" m_c="-0.570289" m_d="0.405920" m_tx="-9.638339" m_ty="37.762039"/>
  </frame>
  <frame idx="450" w="68" h="205" x="-38.511230" y="-33.576626">
   <element name="bg" layername="BG" frame="0" z_index="36" m_a="0.642072" m_b="0.477225" m_c="-0.477225" m_d="0.642072" m_tx="0.000000" m_ty="0.000000"/>
   <element name="m" layername="M" frame="1" z_index="35" m_a="0.642072" m_b="0.477225" m_c="-0.477225" m_d="0.642072" m_tx="-41.196167" m_ty="10.248322"/>
   <element name="o" layername="O" frame="1" z_index="33" m_a="0.642072" m_b="0.477225" m_c="-0.477225" m_d="0.642072" m_tx="1.362562" m_ty="1.012736"/>
   <element name="d" layername="D" frame="1" z_index="34" m_a="0.642072" m_b="0.477225" m_c="-0.477225" m_d="0.642072" m_tx="2.810076" m_ty="44.451469"/>
  </frame>
  <frame idx="475" w="129" h="201" x="-39.720768" y="-26.713764">
   <element name="bg" layername="BG" frame="0" z_index="36" m_a="0.852559" m_b="0.288347" m_c="-0.288347" m_d="0.852559" m_tx="0.000000" m_ty="0.000000"/>
   <element name="m" layername="M" frame="1" z_index="35" m_a="0.852559" m_b="0.288347" m_c="-0.288347" m_d="0.852559" m_tx="-40.542988" m_ty="25.241135"/>
   <element name="o" layername="O" frame="1" z_index="33" m_a="0.852559" m_b="0.288347" m_c="-0.288347" m_d="0.852559" m_tx="1.809243" m_ty="0.611912"/>
   <element name="d" layername="D" frame="1" z_index="34" m_a="0.852559" m_b="0.288347" m_c="-0.288347" m_d="0.852559" m_tx="18.407539" m_ty="46.604149"/>
  </frame>
 </anim>
 <anim name="onclick_disabled" root="mods_button" numframes="500" framerate="40">
  <frame idx="0" w="207" h="165" x="-51.187737" y="-14.000000">
   <element name="bg" layername="BG" frame="0" z_index="36" m_a="1.000000" m_b="-0.000000" m_c="0.000000" m_d="1.000000" m_tx="0.000000" m_ty="0.000000"/>
   <element name="m" layername="M" frame="1" z_index="35" m_a="1.000000" m_b="-0.000000" m_c="0.000000" m_d="1.000000" m_tx="-33.687729" m_ty="41.000000"/>
   <element name="o" layername="O" frame="1" z_index="33" m_a="1.000000" m_b="-0.000000" m_c="0.000000" m_d="1.000000" m_tx="2.122134" m_ty="0.000000"/>
   <element name="d" layername="D" frame="1" z_index="34" m_a="1.000000" m_b="-0.000000" m_c="0.000000" m_d="1.000000" m_tx="35.965034" m_ty="42.500000"/>
  </frame>
  <frame idx="25" w="224" h="124" x="-47.870972" y="-20.441195">
   <element name="bg" layername="BG" frame="0" z_index="36" m_a="0.857018" m_b="-0.276412" m_c="0.276412" m_d="0.857018" m_tx="0.000000" m_ty="0.000000"/>
   <element name="m" layername="M" frame="1" z_index="35" m_a="0.857018" m_b="-0.276412" m_c="0.276412" m_d="0.857018" m_tx="-17.538057" m_ty="44.449440"/>
   <element name="o" layername="O" frame="1" z_index="33" m_a="0.857018" m_b="-0.276412" m_c="0.276412" m_d="0.857018" m_tx="1.818706" m_ty="-0.586584"/>
   <element name="d" layername="D" frame="1" z_index="34" m_a="0.857018" m_b="-0.276412" m_c="0.276412" m_d="0.857018" m_tx="42.570213" m_ty="26.482061"/>
  </frame>
  <frame idx="50" w="212" h="94" x="-39.898346" y="-24.831476">
   <element name="bg" layername="BG" frame="0" z_index="36" m_a="0.650039" m_b="-0.467995" m_c="0.467995" m_d="0.650039" m_tx="0.000000" m_ty="0.000000"/>
   <element name="m" layername="M" frame="1" z_index="35" m_a="0.650039" m_b="-0.467995" m_c="0.467995" m_d="0.650039" m_tx="-2.710531" m_ty="42.417313"/>
   <element name="o" layername="O" frame="1" z_index="33" m_a="0.650039" m_b="-0.467995" m_c="0.467995" m_d="0.650039" m_tx="1.379470" m_ty="-0.993149"/>
   <element name="d" layername="D" frame="1" z_index="34" m_a="0.650039" m_b="-0.467995" m_c="0.467995" m_d="0.650039" m_tx="43.268494" m_ty="10.795195"/>
  </frame>
  <frame idx="75" w="179" h="61" x="-29.013783" y="-26.453506">
   <element name="bg" layername="BG" frame="0" z_index="36" m_a="0.415991" m_b="-0.564813" m_c="0.564813" m_d="0.415991" m_tx="0.000000" m_ty="0.000000"/>
   <element name="m" layername="M" frame="1" z_index="35" m_a="0.415991" m_b="-0.564813" m_c="0.564813" m_d="0.415991" m_tx="9.143570" m_ty="36.082909"/>
   <element name="o" layername="O" frame="1" z_index="33" m_a="0.415991" m_b="-0.564813" m_c="0.564813" m_d="0.415991" m_tx="0.882788" m_ty="-1.198610"/>
   <element name="d" layername="D" frame="1" z_index="34" m_a="0.415991" m_b="-0.564813" m_c="0.564813" m_d="0.415991" m_tx="38.965698" m_ty="-2.633928"/>
  </frame>
  <frame idx="100" w="134" h="87" x="-17.933205" y="-60.117523">
   <element name="bg" layername="BG" frame="0" z_index="36" m_a="0.190966" m_b="-0.570868" m_c="0.570868" m_d="0.190966" m_tx="0.000000" m_ty="0.000000"/>
   <element name="m" layername="M" frame="1" z_index="35" m_a="0.190966" m_b="-0.570868" m_c="0.570868" m_d="0.190966" m_tx="16.972401" m_ty="27.060858"/>
   <element name="o" layername="O" frame="1" z_index="33" m_a="0.190966" m_b="-0.570868" m_c="0.570868" m_d="0.190966" m_tx="0.405255" m_ty="-1.211459"/>
   <element name="d" layername="D" frame="1" z_index="34" m_a="0.190966" m_b="-0.570868" m_c="0.570868" m_d="0.190966" m_tx="31.130001" m_ty="-12.415256"/>
  </frame>
  <frame idx="125" w="84" h="104" x="-7.183168" y="-77.589561">
   <element name="bg" layername="BG" frame="0" z_index="36" m_a="0.005437" m_b="-0.502424" m_c="0.502424" m_d="0.005437" m_tx="0.000000" m_ty="0.000000"/>
   <element name="m" layername="M" frame="1" z_index="35" m_a="0.005437" m_b="-0.502424" m_c="0.502424" m_d="0.005437" m_tx="20.416199" m_ty="17.148432"/>
   <element name="o" layername="O" frame="1" z_index="33" m_a="0.005437" m_b="-0.502424" m_c="0.502424" m_d="0.005437" m_tx="0.011539" m_ty="-1.066210"/>
   <element name="d" layername="D" frame="1" z_index="34" m_a="0.005437" m_b="-0.502424" m_c="0.502424" m_d="0.005437" m_tx="21.548550" m_ty="-17.838598"/>
  </frame>
  <frame idx="150" w="50" h="100" x="-8.798882" y="-77.978882">
   <element name="bg" layername="BG" frame="0" z_index="36" m_a="-0.119530" m_b="-0.384807" m_c="0.384807" m_d="-0.119530" m_tx="0.000000" m_ty="0.000000"/>
   <element name="m" layername="M" frame="1" z_index="35" m_a="-0.119530" m_b="-0.384807" m_c="0.384807" m_d="-0.119530" m_tx="19.803755" m_ty="8.062551"/>
   <element name="o" layername="O" frame="1" z_index="33" m_a="-0.119530" m_b="-0.384807" m_c="0.384807" m_d="-0.119530" m_tx="-0.253658" m_ty="-0.816611"/>
   <element name="d" layername="D" frame="1" z_index="34" m_a="-0.119530" m_b="-0.384807" m_c="0.384807" m_d="-0.119530" m_tx="12.055400" m_ty="-18.919592"/>
  </frame>
  <frame idx="175" w="31" h="81" x="-9.280026" y="-65.167908">
   <element name="bg" layername="BG" frame="0" z_index="36" m_a="-0.174615" m_b="-0.248157" m_c="0.248157" m_d="-0.174615" m_tx="0.000000" m_ty="0.000000"/>
   <element name="m" layername="M" frame="1" z_index="35" m_a="-0.174615" m_b="-0.248157" m_c="0.248157" m_d="-0.174615" m_tx="16.056820" m_ty="1.200650"/>
   <element name="o" layername="O" frame="1" z_index="33" m_a="-0.174615" m_b="-0.248157" m_c="0.248157" m_d="-0.174615" m_tx="-0.370556" m_ty="-0.526623"/>
   <element name="d" layername="D" frame="1" z_index="34" m_a="-0.174615" m_b="-0.248157" m_c="0.248157" m_d="-0.174615" m_tx="4.266659" m_ty="-16.346107"/>
  </frame>
  <frame idx="200" w="18" h="53" x="-7.357938" y="-43.747299">
   <element name="bg" layername="BG" frame="0" z_index="36" m_a="-0.162879" m_b="-0.122702" m_c="0.122702" m_d="-0.162879" m_tx="0.000000" m_ty="0.000000"/>
   <element name="m" layername="M" frame="1" z_index="35" m_a="-0.162879" m_b="-0.122702" m_c="0.122702" m_d="-0.162879" m_tx="10.517808" m_ty="-2.544457"/>
   <element name="o" layername="O" frame="1" z_index="33" m_a="-0.162879" m_b="-0.122702" m_c="0.122702" m_d="-0.162879" m_tx="-0.345650" m_ty="-0.260391"/>
   <element name="d" layername="D" frame="1" z_index="34" m_a="-0.162879" m_b="-0.122702" m_c="0.122702" m_d="-0.162879" m_tx="-0.643082" m_ty="-11.335337"/>
  </frame>
  <frame idx="225" w="16" h="24" x="-10.430143" y="-20.234903">
   <element name="bg" layername="BG" frame="0" z_index="36" m_a="-0.098658" m_b="-0.034194" m_c="0.034194" m_d="-0.098658" m_tx="0.000000" m_ty="0.000000"/>
   <element name="m" layername="M" frame="1" z_index="35" m_a="-0.098658" m_b="-0.034194" m_c="0.034194" m_d="-0.098658" m_tx="4.725516" m_ty="-2.893038"/>
   <element name="o" layername="O" frame="1" z_index="33" m_a="-0.098658" m_b="-0.034194" m_c="0.034194" m_d="-0.098658" m_tx="-0.209365" m_ty="-0.072565"/>
   <element name="d" layername="D" frame="1" z_index="34" m_a="-0.098658" m_b="-0.034194" m_c="0.034194" m_d="-0.098658" m_tx="-2.094971" m_ty="-5.422748"/>
  </frame>
  <frame idx="250" w="2" h="2" x="-1.162324" y="-1.186616">
   <element name="bg" layername="BG" frame="0" z_index="36" m_a="-0.004905" m_b="-0.000106" m_c="0.000106" m_d="-0.004905" m_tx="0.000000" m_ty="0.000000"/>
   <element name="m" layername="M" frame="0" z_index="35" m_a="-0.004905" m_b="-0.000106" m_c="0.000106" m_d="-0.004905" m_tx="0.169586" m_ty="-0.197522"/>
   <element name="o" layername="O" frame="0" z_index="33" m_a="-0.004905" m_b="-0.000106" m_c="0.000106" m_d="-0.004905" m_tx="-0.010409" m_ty="-0.000225"/>
   <element name="d" layername="D" frame="0" z_index="34" m_a="-0.004905" m_b="-0.000106" m_c="0.000106" m_d="-0.004905" m_tx="-0.171891" m_ty="-0.212275"/>
  </frame>
  <frame idx="275" w="27" h="15" x="-20.364853" y="-12.347202">
   <element name="bg" layername="BG" frame="0" z_index="36" m_a="-0.099425" m_b="0.030250" m_c="-0.030250" m_d="-0.099425" m_tx="0.000000" m_ty="0.000000"/>
   <element name="m" layername="M" frame="0" z_index="35" m_a="-0.099425" m_b="0.030250" m_c="-0.030250" m_d="-0.099425" m_tx="2.109164" m_ty="-5.095466"/>
   <element name="o" layername="O" frame="0" z_index="33" m_a="-0.099425" m_b="0.030250" m_c="-0.030250" m_d="-0.099425" m_tx="-0.210993" m_ty="0.064194"/>
   <element name="d" layername="D" frame="0" z_index="34" m_a="-0.099425" m_b="0.030250" m_c="-0.030250" m_d="-0.099425" m_tx="-4.861434" m_ty="-3.137630"/>
  </frame>
  <frame idx="300" w="55" h="24" x="-43.898502" y="-17.539360">
   <element name="bg" layername="BG" frame="0" z_index="36" m_a="-0.166070" m_b="0.116649" m_c="-0.116649" m_d="-0.166070" m_tx="0.000000" m_ty="0.000000"/>
   <element name="m" layername="M" frame="0" z_index="35" m_a="-0.166070" m_b="0.116649" m_c="-0.116649" m_d="-0.166070" m_tx="0.811928" m_ty="-10.738492"/>
   <element name="o" layername="O" frame="0" z_index="33" m_a="-0.166070" m_b="0.116649" m_c="-0.116649" m_d="-0.166070" m_tx="-0.352423" m_ty="0.247544"/>
   <element name="d" layername="D" frame="0" z_index="34" m_a="-0.166070" m_b="0.116649" m_c="-0.116649" m_d="-0.166070" m_tx="-10.930274" m_ty="-2.862703"/>
  </frame>
  <frame idx="325" w="78" h="27" x="-64.580109" y="-14.921016">
   <element name="bg" layername="BG" frame="0" z_index="36" m_a="-0.180685" m_b="0.241938" m_c="-0.241938" m_d="-0.180685" m_tx="0.000000" m_ty="0.000000"/>
   <element name="m" layername="M" frame="0" z_index="35" m_a="-0.180685" m_b="0.241938" m_c="-0.241938" m_d="-0.180685" m_tx="-3.832583" m_ty="-15.558450"/>
   <element name="o" layername="O" frame="0" z_index="33" m_a="-0.180685" m_b="0.241938" m_c="-0.241938" m_d="-0.180685" m_tx="-0.383439" m_ty="0.513425"/>
   <element name="d" layername="D" frame="0" z_index="34" m_a="-0.180685" m_b="0.241938" m_c="-0.241938" m_d="-0.180685" m_tx="-16.780729" m_ty="1.022183"/>
  </frame>
  <frame idx="350" w="90" h="58" x="-77.209427" y="-17.803259">
   <element name="bg" layername="BG" frame="0" z_index="36" m_a="-0.127838" m_b="0.380057" m_c="-0.380057" m_d="-0.127838" m_tx="0.000000" m_ty="0.000000"/>
   <element name="m" layername="M" frame="0" z_index="35" m_a="-0.127838" m_b="0.380057" m_c="-0.380057" m_d="-0.127838" m_tx="-11.275801" m_ty="-18.044598"/>
   <element name="o" layername="O" frame="0" z_index="33" m_a="-0.127838" m_b="0.380057" m_c="-0.380057" m_d="-0.127838" m_tx="-0.271288" m_ty="0.806532"/>
   <element name="d" layername="D" frame="0" z_index="34" m_a="-0.127838" m_b="0.380057" m_c="-0.380057" m_d="-0.127838" m_tx="-20.750109" m_ty="8.235687"/>
  </frame>
  <frame idx="375" w="84" h="104" x="-76.014450" y="-25.843391">
   <element name="bg" layername="BG" frame="0" z_index="36" m_a="-0.003742" m_b="0.499986" m_c="-0.499986" m_d="-0.003742" m_tx="0.000000" m_ty="0.000000"/>
   <element name="m" layername="M" frame="0" z_index="35" m_a="-0.003742" m_b="0.499986" m_c="-0.499986" m_d="-0.003742" m_tx="-20.373373" m_ty="-16.996807"/>
   <element name="o" layername="O" frame="0" z_index="33" m_a="-0.003742" m_b="0.499986" m_c="-0.499986" m_d="-0.003742" m_tx="-0.007941" m_ty="1.061037"/>
   <element name="d" layername="D" frame="0" z_index="34" m_a="-0.003742" m_b="0.499986" m_c="-0.499986" m_d="-0.003742" m_tx="-21.383980" m_ty="17.822987"/>
  </frame>
  <frame idx="400" w="72" h="148" x="-59.484703" y="-31.776405">
   <element name="bg" layername="BG" frame="0" z_index="36" m_a="0.180492" m_b="0.572209" m_c="-0.572209" m_d="0.180492" m_tx="0.000000" m_ty="0.000000"/>
   <element name="m" layername="M" frame="0" z_index="35" m_a="0.180492" m_b="0.572209" m_c="-0.572209" m_d="0.180492" m_tx="-29.540916" m_ty="-11.876238"/>
   <element name="o" layername="O" frame="0" z_index="33" m_a="0.180492" m_b="0.572209" m_c="-0.572209" m_d="0.180492" m_tx="0.383028" m_ty="1.214303"/>
   <element name="d" layername="D" frame="0" z_index="34" m_a="0.180492" m_b="0.572209" m_c="-0.572209" m_d="0.180492" m_tx="-17.827467" m_ty="28.250408"/>
  </frame>
  <frame idx="425" w="70" h="185" x="-48.577705" y="-34.711723">
   <element name="bg" layername="BG" frame="0" z_index="36" m_a="0.405920" m_b="0.570289" m_c="-0.570289" m_d="0.405920" m_tx="0.000000" m_ty="0.000000"/>
   <element name="m" layername="M" frame="0" z_index="35" m_a="0.405920" m_b="0.570289" m_c="-0.570289" m_d="0.405920" m_tx="-37.056347" m_ty="-2.569010"/>
   <element name="o" layername="O" frame="0" z_index="33" m_a="0.405920" m_b="0.570289" m_c="-0.570289" m_d="0.405920" m_tx="0.861416" m_ty="1.210229"/>
   <element name="d" layername="D" frame="0" z_index="34" m_a="0.405920" m_b="0.570289" m_c="-0.570289" m_d="0.405920" m_tx="-9.638339" m_ty="37.762039"/>
  </frame>
  <frame idx="450" w="68" h="205" x="-38.511230" y="-33.576626">
   <element name="bg" layername="BG" frame="0" z_index="36" m_a="0.642072" m_b="0.477225" m_c="-0.477225" m_d="0.642072" m_tx="0.000000" m_ty="0.000000"/>
   <element name="m" layername="M" frame="0" z_index="35" m_a="0.642072" m_b="0.477225" m_c="-0.477225" m_d="0.642072" m_tx="-41.196167" m_ty="10.248322"/>
   <element name="o" layername="O" frame="0" z_index="33" m_a="0.642072" m_b="0.477225" m_c="-0.477225" m_d="0.642072" m_tx="1.362562" m_ty="1.012736"/>
   <element name="d" layername="D" frame="0" z_index="34" m_a="0.642072" m_b="0.477225" m_c="-0.477225" m_d="0.642072" m_tx="2.810076" m_ty="44.451469"/>
  </frame>
  <frame idx="475" w="129" h="201" x="-39.720768" y="-26.713764">
   <element name="bg" layername="BG" frame="0" z_index="36" m_a="0.852559" m_b="0.288347" m_c="-0.288347" m_d="0.852559" m_tx="0.000000" m_ty="0.000000"/>
   <element name="m" layername="M" frame="0" z_index="35" m_a="0.852559" m_b="0.288347" m_c="-0.288347" m_d="0.852559" m_tx="-40.542988" m_ty="25.241135"/>
   <element name="o" layername="O" frame="0" z_index="33" m_a="0.852559" m_b="0.288347" m_c="-0.288347" m_d="0.852559" m_tx="1.809243" m_ty="0.611912"/>
   <element name="d" layername="D" frame="0" z_index="34" m_a="0.852559" m_b="0.288347" m_c="-0.288347" m_d="0.852559" m_tx="18.407539" m_ty="46.604149"/>
  </frame>
 </anim>
 <anim name="idle_enabled" root="mods_button" numframes="100" framerate="40">
  <frame idx="0" w="207" h="165" x="-51.187725" y="-14.000000">
   <element name="bg" layername="BG" frame="0" z_index="36" m_a="1.000000" m_b="0.000000" m_c="0.000000" m_d="1.000000" m_tx="0.000000" m_ty="0.000000"/>
   <element name="m" layername="M" frame="0" z_index="35" m_a="1.000000" m_b="0.000000" m_c="0.000000" m_d="1.000000" m_tx="-33.687725" m_ty="41.000000"/>
   <element name="o" layername="O" frame="0" z_index="33" m_a="1.000000" m_b="0.000000" m_c="0.000000" m_d="1.000000" m_tx="2.122134" m_ty="0.000000"/>
   <element name="d" layername="D" frame="0" z_index="34" m_a="1.000000" m_b="0.000000" m_c="0.000000" m_d="1.000000" m_tx="35.965034" m_ty="42.500000"/>
  </frame>
  <frame idx="25" w="207" h="165" x="-51.187725" y="-14.000000">
   <element name="bg" layername="BG" frame="0" z_index="36" m_a="1.000000" m_b="0.000000" m_c="0.000000" m_d="1.000000" m_tx="0.000000" m_ty="0.000000"/>
   <element name="m" layername="M" frame="0" z_index="35" m_a="1.000000" m_b="0.000000" m_c="0.000000" m_d="1.000000" m_tx="-33.687725" m_ty="41.000000"/>
   <element name="o" layername="O" frame="0" z_index="33" m_a="1.000000" m_b="0.000000" m_c="0.000000" m_d="1.000000" m_tx="2.122134" m_ty="0.000000"/>
   <element name="d" layername="D" frame="0" z_index="34" m_a="1.000000" m_b="0.000000" m_c="0.000000" m_d="1.000000" m_tx="35.965034" m_ty="42.500000"/>
  </frame>
  <frame idx="50" w="207" h="165" x="-51.187725" y="-14.000000">
   <element name="bg" layername="BG" frame="0" z_index="36" m_a="1.000000" m_b="0.000000" m_c="0.000000" m_d="1.000000" m_tx="0.000000" m_ty="0.000000"/>
   <element name="m" layername="M" frame="0" z_index="35" m_a="1.000000" m_b="0.000000" m_c="0.000000" m_d="1.000000" m_tx="-33.687725" m_ty="41.000000"/>
   <element name="o" layername="O" frame="0" z_index="33" m_a="1.000000" m_b="0.000000" m_c="0.000000" m_d="1.000000" m_tx="2.122134" m_ty="0.000000"/>
   <element name="d" layername="D" frame="0" z_index="34" m_a="1.000000" m_b="0.000000" m_c="0.000000" m_d="1.000000" m_tx="35.965034" m_ty="42.500000"/>
  </frame>
  <frame idx="75" w="207" h="165" x="-51.187725" y="-14.000000">
   <element name="bg" layername="BG" frame="0" z_index="36" m_a="1.000000" m_b="0.000000" m_c="0.000000" m_d="1.000000" m_tx="0.000000" m_ty="0.000000"/>
   <element name="m" layername="M" frame="0" z_index="35" m_a="1.000000" m_b="0.000000" m_c="0.000000" m_d="1.000000" m_tx="-33.687725" m_ty="41.000000"/>
   <element name="o" layername="O" frame="0" z_index="33" m_a="1.000000" m_b="0.000000" m_c="0.000000" m_d="1.000000" m_tx="2.122134" m_ty="0.000000"/>
   <element name="d" layername="D" frame="0" z_index="34" m_a="1.000000" m_b="0.000000" m_c="0.000000" m_d="1.000000" m_tx="35.965034" m_ty="42.500000"/>
  </frame>
 </anim>
 <anim name="idle_disabled" root="mods_button" numframes="100" framerate="40">
  <frame idx="0" w="207" h="165" x="-51.187725" y="-14.000000">
   <element name="bg" layername="BG" frame="0" z_index="36" m_a="1.000000" m_b="0.000000" m_c="0.000000" m_d="1.000000" m_tx="0.000000" m_ty="0.000000"/>
   <element name="m" layername="M" frame="1" z_index="35" m_a="1.000000" m_b="0.000000" m_c="0.000000" m_d="1.000000" m_tx="-33.687725" m_ty="41.000000"/>
   <element name="o" layername="O" frame="1" z_index="33" m_a="1.000000" m_b="0.000000" m_c="0.000000" m_d="1.000000" m_tx="2.122134" m_ty="0.000000"/>
   <element name="d" layername="D" frame="1" z_index="34" m_a="1.000000" m_b="0.000000" m_c="0.000000" m_d="1.000000" m_tx="35.965034" m_ty="42.500000"/>
  </frame>
  <frame idx="25" w="207" h="165" x="-51.187725" y="-14.000000">
   <element name="bg" layername="BG" frame="0" z_index="36" m_a="1.000000" m_b="0.000000" m_c="0.000000" m_d="1.000000" m_tx="0.000000" m_ty="0.000000"/>
   <element name="m" layername="M" frame="1" z_index="35" m_a="1.000000" m_b="0.000000" m_c="0.000000" m_d="1.000000" m_tx="-33.687725" m_ty="41.000000"/>
   <element name="o" layername="O" frame="1" z_index="33" m_a="1.000000" m_b="0.000000" m_c="0.000000" m_d="1.000000" m_tx="2.122134" m_ty="0.000000"/>
   <element name="d" layername="D" frame="1" z_index="34" m_a="1.000000" m_b="0.000000" m_c="0.000000" m_d="1.000000" m_tx="35.965034" m_ty="42.500000"/>
  </frame>
  <frame idx="50" w="207" h="165" x="-51.187725" y="-14.000000">
   <element name="bg" layername="BG" frame="0" z_index="36" m_a="1.000000" m_b="0.000000" m_c="0.000000" m_d="1.000000" m_tx="0.000000" m_ty="0.000000"/>
   <element name="m" layername="M" frame="1" z_index="35" m_a="1.000000" m_b="0.000000" m_c="0.000000" m_d="1.000000" m_tx="-33.687725" m_ty="41.000000"/>
   <element name="o" layername="O" frame="1" z_index="33" m_a="1.000000" m_b="0.000000" m_c="0.000000" m_d="1.000000" m_tx="2.122134" m_ty="0.000000"/>
   <element name="d" layername="D" frame="1" z_index="34" m_a="1.000000" m_b="0.000000" m_c="0.000000" m_d="1.000000" m_tx="35.965034" m_ty="42.500000"/>
  </frame>
  <frame idx="75" w="207" h="165" x="-51.187725" y="-14.000000">
   <element name="bg" layername="BG" frame="0" z_index="36" m_a="1.000000" m_b="0.000000" m_c="0.000000" m_d="1.000000" m_tx="0.000000" m_ty="0.000000"/>
   <element name="m" layername="M" frame="1" z_index="35" m_a="1.000000" m_b="0.000000" m_c="0.000000" m_d="1.000000" m_tx="-33.687725" m_ty="41.000000"/>
   <element name="o" layername="O" frame="1" z_index="33" m_a="1.000000" m_b="0.000000" m_c="0.000000" m_d="1.000000" m_tx="2.122134" m_ty="0.000000"/>
   <element name="d" layername="D" frame="1" z_index="34" m_a="1.000000" m_b="0.000000" m_c="0.000000" m_d="1.000000" m_tx="35.965034" m_ty="42.500000"/>
  </frame>
 </anim>
 <anim name="pre_enabled" root="mods_button" numframes="700" framerate="40">
  <frame idx="0" w="209" h="3" x="-17.023809" y="-0.976190">
   <element name="bg" layername="BG" frame="0" z_index="36" m_a="1.259822" m_b="0.000000" m_c="0.000000" m_d="0.001998" m_tx="0.476190" m_ty="-0.476190"/>
  </frame>
  <frame idx="25" w="199" h="55" x="-16.644060" y="-5.355940">
   <element name="bg" layername="BG" frame="0" z_index="36" m_a="1.194210" m_b="0.000000" m_c="0.000000" m_d="0.316876" m_tx="0.355940" m_ty="-0.355940"/>
  </frame>
  <frame idx="50" w="188" h="106" x="-15.764310" y="-9.235690">
   <element name="bg" layername="BG" frame="0" z_index="36" m_a="1.128599" m_b="0.000000" m_c="0.000000" m_d="0.631754" m_tx="0.235690" m_ty="-0.235690"/>
  </frame>
  <frame idx="75" w="177" h="156" x="-14.884560" y="-13.115440">
   <element name="bg" layername="BG" frame="0" z_index="36" m_a="1.062987" m_b="0.000000" m_c="0.000000" m_d="0.946632" m_tx="0.115440" m_ty="-0.115440"/>
  </frame>
  <frame idx="100" w="166" h="206" x="-14.000000" y="-17.500000">
   <element name="bg" layername="BG" frame="0" z_index="36" m_a="1.000000" m_b="0.000000" m_c="0.000000" m_d="1.245144" m_tx="0.000000" m_ty="0.000000"/>
  </frame>
  <frame idx="125" w="166" h="190" x="-14.000000" y="-16.000000">
   <element name="bg" layername="BG" frame="0" z_index="36" m_a="1.000000" m_b="0.000000" m_c="0.000000" m_d="1.150858" m_tx="0.000000" m_ty="0.000000"/>
  </frame>
  <frame idx="150" w="166" h="174" x="-14.000000" y="-14.500000">
   <element name="bg" layername="BG" frame="0" z_index="36" m_a="1.000000" m_b="0.000000" m_c="0.000000" m_d="1.056572" m_tx="0.000000" m_ty="0.000000"/>
  </frame>
  <frame idx="175" w="207" h="195" x="-51.187725" y="-40.867088">
   <element name="bg" layername="BG" frame="0" z_index="36" m_a="1.000000" m_b="0.000000" m_c="0.000000" m_d="1.000000" m_tx="0.000000" m_ty="0.000000"/>
   <element name="m" layername="M" frame="0" z_index="35" m_a="1.000000" m_b="0.000000" m_c="0.000000" m_d="0.113666" m_tx="-33.687725" m_ty="41.000000"/>
  </frame>
  <frame idx="200" w="207" h="168" x="-51.187725" y="-16.067127">
   <element name="bg" layername="BG" frame="0" z_index="36" m_a="1.000000" m_b="0.000000" m_c="0.000000" m_d="1.000000" m_tx="0.000000" m_ty="0.000000"/>
   <element name="m" layername="M" frame="0" z_index="35" m_a="1.000000" m_b="0.000000" m_c="0.000000" m_d="0.385617" m_tx="-33.687725" m_ty="41.000000"/>
  </frame>
  <frame idx="225" w="207" h="165" x="-51.187725" y="-14.000000">
   <element name="bg" layername="BG" frame="0" z_index="36" m_a="1.000000" m_b="0.000000" m_c="0.000000" m_d="1.000000" m_tx="0.000000" m_ty="0.000000"/>
   <element name="m" layername="M" frame="0" z_index="35" m_a="1.000000" m_b="0.000000" m_c="0.000000" m_d="0.657568" m_tx="-33.687725" m_ty="41.000000"/>
  </frame>
  <frame idx="250" w="207" h="165" x="-51.187725" y="-14.000000">
   <element name="bg" layername="BG" frame="0" z_index="36" m_a="1.000000" m_b="0.000000" m_c="0.000000" m_d="1.000000" m_tx="0.000000" m_ty="0.000000"/>
   <element name="m" layername="M" frame="0" z_index="35" m_a="1.000000" m_b="0.000000" m_c="0.000000" m_d="0.929519" m_tx="-33.687725" m_ty="41.000000"/>
  </frame>
  <frame idx="275" w="207" h="168" x="-51.187725" y="-16.714466">
   <element name="bg" layername="BG" frame="0" z_index="36" m_a="1.000000" m_b="0.000000" m_c="0.000000" m_d="1.000000" m_tx="0.000000" m_ty="0.000000"/>
   <element name="m" layername="M" frame="0" z_index="35" m_a="1.000000" m_b="0.000000" m_c="0.000000" m_d="1.066206" m_tx="-33.687725" m_ty="41.000000"/>
  </frame>
  <frame idx="300" w="207" h="165" x="-51.187725" y="-14.000000">
   <element name="bg" layername="BG" frame="0" z_index="36" m_a="1.000000" m_b="0.000000" m_c="0.000000" m_d="1.000000" m_tx="0.000000" m_ty="0.000000"/>
   <element name="m" layername="M" frame="0" z_index="35" m_a="1.000000" m_b="0.000000" m_c="0.000000" m_d="1.000000" m_tx="-33.687725" m_ty="41.000000"/>
   <element name="o" layername="O" frame="0" z_index="34" m_a="-0.000135" m_b="-0.010326" m_c="0.005661" m_d="-0.000074" m_tx="2.122134" m_ty="0.000000"/>
  </frame>
  <frame idx="325" w="207" h="167" x="-51.187725" y="-15.087129">
   <element name="bg" layername="BG" frame="0" z_index="36" m_a="1.000000" m_b="0.000000" m_c="0.000000" m_d="1.000000" m_tx="0.000000" m_ty="0.000000"/>
   <element name="m" layername="M" frame="0" z_index="35" m_a="1.000000" m_b="0.000000" m_c="0.000000" m_d="1.000000" m_tx="-33.687725" m_ty="41.000000"/>
   <element name="o" layername="O" frame="0" z_index="34" m_a="0.053450" m_b="-0.165776" m_c="0.162071" m_d="0.052255" m_tx="2.122134" m_ty="0.000000"/>
  </frame>
  <frame idx="350" w="207" h="165" x="-51.187725" y="-14.000000">
   <element name="bg" layername="BG" frame="0" z_index="36" m_a="1.000000" m_b="0.000000" m_c="0.000000" m_d="1.000000" m_tx="0.000000" m_ty="0.000000"/>
   <element name="m" layername="M" frame="0" z_index="35" m_a="1.000000" m_b="0.000000" m_c="0.000000" m_d="1.000000" m_tx="-33.687725" m_ty="41.000000"/>
   <element name="o" layername="O" frame="0" z_index="34" m_a="0.201034" m_b="-0.271757" m_c="0.269248" m_d="0.199178" m_tx="2.122134" m_ty="0.000000"/>
  </frame>
  <frame idx="375" w="207" h="165" x="-51.187725" y="-14.000000">
   <element name="bg" layername="BG" frame="0" z_index="36" m_a="1.000000" m_b="0.000000" m_c="0.000000" m_d="1.000000" m_tx="0.000000" m_ty="0.000000"/>
   <element name="m" layername="M" frame="0" z_index="35" m_a="1.000000" m_b="0.000000" m_c="0.000000" m_d="1.000000" m_tx="-33.687725" m_ty="41.000000"/>
   <element name="o" layername="O" frame="0" z_index="34" m_a="0.411696" m_b="-0.287047" m_c="0.285704" m_d="0.409770" m_tx="2.122134" m_ty="0.000000"/>
  </frame>
  <frame idx="400" w="207" h="165" x="-51.187725" y="-14.000000">
   <element name="bg" layername="BG" frame="0" z_index="36" m_a="1.000000" m_b="0.000000" m_c="0.000000" m_d="1.000000" m_tx="0.000000" m_ty="0.000000"/>
   <element name="m" layername="M" frame="0" z_index="35" m_a="1.000000" m_b="0.000000" m_c="0.000000" m_d="1.000000" m_tx="-33.687725" m_ty="41.000000"/>
   <element name="o" layername="O" frame="0" z_index="34" m_a="0.639100" m_b="-0.186441" m_c="0.186000" m_d="0.637587" m_tx="2.122134" m_ty="0.000000"/>
  </frame>
  <frame idx="425" w="207" h="165" x="-51.187725" y="-14.000000">
   <element name="bg" layername="BG" frame="0" z_index="36" m_a="1.000000" m_b="0.000000" m_c="0.000000" m_d="1.000000" m_tx="0.000000" m_ty="0.000000"/>
   <element name="m" layername="M" frame="0" z_index="35" m_a="1.000000" m_b="0.000000" m_c="0.000000" m_d="1.000000" m_tx="-33.687725" m_ty="41.000000"/>
   <element name="o" layername="O" frame="0" z_index="34" m_a="0.828890" m_b="0.034144" m_c="-0.034111" m_d="0.828087" m_tx="2.122134" m_ty="0.000000"/>
  </frame>
  <frame idx="450" w="207" h="165" x="-51.187725" y="-14.000000">
   <element name="bg" layername="BG" frame="0" z_index="36" m_a="1.000000" m_b="0.000000" m_c="0.000000" m_d="1.000000" m_tx="0.000000" m_ty="0.000000"/>
   <element name="m" layername="M" frame="0" z_index="35" m_a="1.000000" m_b="0.000000" m_c="0.000000" m_d="1.000000" m_tx="-33.687725" m_ty="41.000000"/>
   <element name="o" layername="O" frame="0" z_index="34" m_a="0.927580" m_b="0.355711" m_c="-0.355700" m_d="0.927551" m_tx="2.122134" m_ty="0.000000"/>
  </frame>
  <frame idx="475" w="207" h="165" x="-51.187725" y="-14.000000">
   <element name="bg" layername="BG" frame="0" z_index="36" m_a="1.000000" m_b="0.000000" m_c="0.000000" m_d="1.000000" m_tx="0.000000" m_ty="0.000000"/>
   <element name="m" layername="M" frame="0" z_index="35" m_a="1.000000" m_b="0.000000" m_c="0.000000" m_d="1.000000" m_tx="-33.687725" m_ty="41.000000"/>
   <element name="o" layername="O" frame="0" z_index="34" m_a="0.959023" m_b="0.283328" m_c="-0.283328" m_d="0.959023" m_tx="2.122134" m_ty="0.000000"/>
  </frame>
  <frame idx="500" w="207" h="165" x="-51.187725" y="-14.000000">
   <element name="bg" layername="BG" frame="0" z_index="36" m_a="1.000000" m_b="0.000000" m_c="0.000000" m_d="1.000000" m_tx="0.000000" m_ty="0.000000"/>
   <element name="m" layername="M" frame="0" z_index="35" m_a="1.000000" m_b="0.000000" m_c="0.000000" m_d="1.000000" m_tx="-33.687725" m_ty="41.000000"/>
   <element name="o" layername="O" frame="0" z_index="34" m_a="0.981718" m_b="0.190341" m_c="-0.190341" m_d="0.981718" m_tx="2.122134" m_ty="0.000000"/>
  </frame>
  <frame idx="525" w="207" h="165" x="-51.187725" y="-14.000000">
   <element name="bg" layername="BG" frame="0" z_index="36" m_a="1.000000" m_b="0.000000" m_c="0.000000" m_d="1.000000" m_tx="0.000000" m_ty="0.000000"/>
   <element name="m" layername="M" frame="0" z_index="35" m_a="1.000000" m_b="0.000000" m_c="0.000000" m_d="1.000000" m_tx="-33.687725" m_ty="41.000000"/>
   <element name="o" layername="O" frame="0" z_index="34" m_a="0.995419" m_b="0.095608" m_c="-0.095608" m_d="0.995419" m_tx="2.122134" m_ty="0.000000"/>
  </frame>
  <frame idx="550" w="207" h="165" x="-51.187725" y="-14.000000">
   <element name="bg" layername="BG" frame="0" z_index="36" m_a="1.000000" m_b="0.000000" m_c="0.000000" m_d="1.000000" m_tx="0.000000" m_ty="0.000000"/>
   <element name="m" layername="M" frame="0" z_index="35" m_a="1.000000" m_b="0.000000" m_c="0.000000" m_d="1.000000" m_tx="-33.687725" m_ty="41.000000"/>
   <element name="d" layername="D" frame="0" z_index="34" m_a="1.000000" m_b="0.000000" m_c="0.000000" m_d="0.006908" m_tx="35.965034" m_ty="42.500000"/>
   <element name="o" layername="O" frame="0" z_index="33" m_a="1.000000" m_b="0.000000" m_c="0.000000" m_d="1.000000" m_tx="2.122134" m_ty="0.000000"/>
  </frame>
  <frame idx="575" w="207" h="165" x="-51.187725" y="-14.000000">
   <element name="bg" layername="BG" frame="0" z_index="36" m_a="1.000000" m_b="0.000000" m_c="0.000000" m_d="1.000000" m_tx="0.000000" m_ty="0.000000"/>
   <element name="m" layername="M" frame="0" z_index="35" m_a="1.000000" m_b="0.000000" m_c="0.000000" m_d="1.000000" m_tx="-33.687725" m_ty="41.000000"/>
   <element name="d" layername="D" frame="0" z_index="34" m_a="1.000000" m_b="0.000000" m_c="0.000000" m_d="0.279130" m_tx="35.965034" m_ty="42.500000"/>
   <element name="o" layername="O" frame="0" z_index="33" m_a="1.000000" m_b="0.000000" m_c="0.000000" m_d="1.000000" m_tx="2.122134" m_ty="0.000000"/>
  </frame>
  <frame idx="600" w="207" h="165" x="-51.187725" y="-14.000000">
   <element name="bg" layername="BG" frame="0" z_index="36" m_a="1.000000" m_b="0.000000" m_c="0.000000" m_d="1.000000" m_tx="0.000000" m_ty="0.000000"/>
   <element name="m" layername="M" frame="0" z_index="35" m_a="1.000000" m_b="0.000000" m_c="0.000000" m_d="1.000000" m_tx="-33.687725" m_ty="41.000000"/>
   <element name="d" layername="D" frame="0" z_index="34" m_a="1.000000" m_b="0.000000" m_c="0.000000" m_d="0.551353" m_tx="35.965034" m_ty="42.500000"/>
   <element name="o" layername="O" frame="0" z_index="33" m_a="1.000000" m_b="0.000000" m_c="0.000000" m_d="1.000000" m_tx="2.122134" m_ty="0.000000"/>
  </frame>
  <frame idx="625" w="207" h="165" x="-51.187725" y="-14.000000">
   <element name="bg" layername="BG" frame="0" z_index="36" m_a="1.000000" m_b="0.000000" m_c="0.000000" m_d="1.000000" m_tx="0.000000" m_ty="0.000000"/>
   <element name="m" layername="M" frame="0" z_index="35" m_a="1.000000" m_b="0.000000" m_c="0.000000" m_d="1.000000" m_tx="-33.687725" m_ty="41.000000"/>
   <element name="d" layername="D" frame="0" z_index="34" m_a="1.000000" m_b="0.000000" m_c="0.000000" m_d="0.823575" m_tx="35.965034" m_ty="42.500000"/>
   <element name="o" layername="O" frame="0" z_index="33" m_a="1.000000" m_b="0.000000" m_c="0.000000" m_d="1.000000" m_tx="2.122134" m_ty="0.000000"/>
  </frame>
  <frame idx="650" w="207" h="171" x="-51.187725" y="-18.571415">
   <element name="bg" layername="BG" frame="0" z_index="36" m_a="1.000000" m_b="0.000000" m_c="0.000000" m_d="1.000000" m_tx="0.000000" m_ty="0.000000"/>
   <element name="m" layername="M" frame="0" z_index="35" m_a="1.000000" m_b="0.000000" m_c="0.000000" m_d="1.000000" m_tx="-33.687725" m_ty="41.000000"/>
   <element name="d" layername="D" frame="0" z_index="34" m_a="1.000000" m_b="0.000000" m_c="0.000000" m_d="1.095798" m_tx="35.965034" m_ty="42.500000"/>
   <element name="o" layername="O" frame="0" z_index="33" m_a="1.000000" m_b="0.000000" m_c="0.000000" m_d="1.000000" m_tx="2.122134" m_ty="0.000000"/>
  </frame>
  <frame idx="675" w="207" h="168" x="-51.187725" y="-16.035709">
   <element name="bg" layername="BG" frame="0" z_index="36" m_a="1.000000" m_b="0.000000" m_c="0.000000" m_d="1.000000" m_tx="0.000000" m_ty="0.000000"/>
   <element name="m" layername="M" frame="0" z_index="35" m_a="1.000000" m_b="0.000000" m_c="0.000000" m_d="1.000000" m_tx="-33.687725" m_ty="41.000000"/>
   <element name="d" layername="D" frame="0" z_index="34" m_a="1.000000" m_b="0.000000" m_c="0.000000" m_d="1.047899" m_tx="35.965034" m_ty="42.500000"/>
   <element name="o" layername="O" frame="0" z_index="33" m_a="1.000000" m_b="0.000000" m_c="0.000000" m_d="1.000000" m_tx="2.122134" m_ty="0.000000"/>
  </frame>
 </anim>
 <anim name="pre_disabled" root="mods_button" numframes="700" framerate="40">
  <frame idx="0" w="209" h="3" x="-17.023809" y="-0.976190">
   <element name="bg" layername="BG" frame="0" z_index="36" m_a="1.259822" m_b="0.000000" m_c="0.000000" m_d="0.001998" m_tx="0.476190" m_ty="-0.476190"/>
  </frame>
  <frame idx="25" w="199" h="55" x="-16.644060" y="-5.355940">
   <element name="bg" layername="BG" frame="0" z_index="36" m_a="1.194210" m_b="0.000000" m_c="0.000000" m_d="0.316876" m_tx="0.355940" m_ty="-0.355940"/>
  </frame>
  <frame idx="50" w="188" h="106" x="-15.764310" y="-9.235690">
   <element name="bg" layername="BG" frame="0" z_index="36" m_a="1.128599" m_b="0.000000" m_c="0.000000" m_d="0.631754" m_tx="0.235690" m_ty="-0.235690"/>
  </frame>
  <frame idx="75" w="177" h="156" x="-14.884560" y="-13.115440">
   <element name="bg" layername="BG" frame="0" z_index="36" m_a="1.062987" m_b="0.000000" m_c="0.000000" m_d="0.946632" m_tx="0.115440" m_ty="-0.115440"/>
  </frame>
  <frame idx="100" w="166" h="206" x="-14.000000" y="-17.500000">
   <element name="bg" layername="BG" frame="0" z_index="36" m_a="1.000000" m_b="0.000000" m_c="0.000000" m_d="1.245144" m_tx="0.000000" m_ty="0.000000"/>
  </frame>
  <frame idx="125" w="166" h="190" x="-14.000000" y="-16.000000">
   <element name="bg" layername="BG" frame="0" z_index="36" m_a="1.000000" m_b="0.000000" m_c="0.000000" m_d="1.150858" m_tx="0.000000" m_ty="0.000000"/>
  </frame>
  <frame idx="150" w="166" h="174" x="-14.000000" y="-14.500000">
   <element name="bg" layername="BG" frame="0" z_index="36" m_a="1.000000" m_b="0.000000" m_c="0.000000" m_d="1.056572" m_tx="0.000000" m_ty="0.000000"/>
  </frame>
  <frame idx="175" w="207" h="195" x="-51.187725" y="-40.867088">
   <element name="bg" layername="BG" frame="0" z_index="36" m_a="1.000000" m_b="0.000000" m_c="0.000000" m_d="1.000000" m_tx="0.000000" m_ty="0.000000"/>
   <element name="m" layername="M" frame="1" z_index="35" m_a="1.000000" m_b="0.000000" m_c="0.000000" m_d="0.113666" m_tx="-33.687725" m_ty="41.000000"/>
  </frame>
  <frame idx="200" w="207" h="168" x="-51.187725" y="-16.067127">
   <element name="bg" layername="BG" frame="0" z_index="36" m_a="1.000000" m_b="0.000000" m_c="0.000000" m_d="1.000000" m_tx="0.000000" m_ty="0.000000"/>
   <element name="m" layername="M" frame="1" z_index="35" m_a="1.000000" m_b="0.000000" m_c="0.000000" m_d="0.385617" m_tx="-33.687725" m_ty="41.000000"/>
  </frame>
  <frame idx="225" w="207" h="165" x="-51.187725" y="-14.000000">
   <element name="bg" layername="BG" frame="0" z_index="36" m_a="1.000000" m_b="0.000000" m_c="0.000000" m_d="1.000000" m_tx="0.000000" m_ty="0.000000"/>
   <element name="m" layername="M" frame="1" z_index="35" m_a="1.000000" m_b="0.000000" m_c="0.000000" m_d="0.657568" m_tx="-33.687725" m_ty="41.000000"/>
  </frame>
  <frame idx="250" w="207" h="165" x="-51.187725" y="-14.000000">
   <element name="bg" layername="BG" frame="0" z_index="36" m_a="1.000000" m_b="0.000000" m_c="0.000000" m_d="1.000000" m_tx="0.000000" m_ty="0.000000"/>
   <element name="m" layername="M" frame="1" z_index="35" m_a="1.000000" m_b="0.000000" m_c="0.000000" m_d="0.929519" m_tx="-33.687725" m_ty="41.000000"/>
  </frame>
  <frame idx="275" w="207" h="168" x="-51.187725" y="-16.714466">
   <element name="bg" layername="BG" frame="0" z_index="36" m_a="1.000000" m_b="0.000000" m_c="0.000000" m_d="1.000000" m_tx="0.000000" m_ty="0.000000"/>
   <element name="m" layername="M" frame="1" z_index="35" m_a="1.000000" m_b="0.000000" m_c="0.000000" m_d="1.066206" m_tx="-33.687725" m_ty="41.000000"/>
  </frame>
  <frame idx="300" w="207" h="165" x="-51.187725" y="-14.000000">
   <element name="bg" layername="BG" frame="0" z_index="36" m_a="1.000000" m_b="0.000000" m_c="0.000000" m_d="1.000000" m_tx="0.000000" m_ty="0.000000"/>
   <element name="m" layername="M" frame="1" z_index="35" m_a="1.000000" m_b="0.000000" m_c="0.000000" m_d="1.000000" m_tx="-33.687725" m_ty="41.000000"/>
   <element name="o" layername="O" frame="1" z_index="34" m_a="-0.000135" m_b="-0.010326" m_c="0.005661" m_d="-0.000074" m_tx="2.122134" m_ty="0.000000"/>
  </frame>
  <frame idx="325" w="207" h="167" x="-51.187725" y="-15.087129">
   <element name="bg" layername="BG" frame="0" z_index="36" m_a="1.000000" m_b="0.000000" m_c="0.000000" m_d="1.000000" m_tx="0.000000" m_ty="0.000000"/>
   <element name="m" layername="M" frame="1" z_index="35" m_a="1.000000" m_b="0.000000" m_c="0.000000" m_d="1.000000" m_tx="-33.687725" m_ty="41.000000"/>
   <element name="o" layername="O" frame="1" z_index="34" m_a="0.053450" m_b="-0.165776" m_c="0.162071" m_d="0.052255" m_tx="2.122134" m_ty="0.000000"/>
  </frame>
  <frame idx="350" w="207" h="165" x="-51.187725" y="-14.000000">
   <element name="bg" layername="BG" frame="0" z_index="36" m_a="1.000000" m_b="0.000000" m_c="0.000000" m_d="1.000000" m_tx="0.000000" m_ty="0.000000"/>
   <element name="m" layername="M" frame="1" z_index="35" m_a="1.000000" m_b="0.000000" m_c="0.000000" m_d="1.000000" m_tx="-33.687725" m_ty="41.000000"/>
   <element name="o" layername="O" frame="1" z_index="34" m_a="0.201034" m_b="-0.271757" m_c="0.269248" m_d="0.199178" m_tx="2.122134" m_ty="0.000000"/>
  </frame>
  <frame idx="375" w="207" h="165" x="-51.187725" y="-14.000000">
   <element name="bg" layername="BG" frame="0" z_index="36" m_a="1.000000" m_b="0.000000" m_c="0.000000" m_d="1.000000" m_tx="0.000000" m_ty="0.000000"/>
   <element name="m" layername="M" frame="1" z_index="35" m_a="1.000000" m_b="0.000000" m_c="0.000000" m_d="1.000000" m_tx="-33.687725" m_ty="41.000000"/>
   <element name="o" layername="O" frame="1" z_index="34" m_a="0.411696" m_b="-0.287047" m_c="0.285704" m_d="0.409770" m_tx="2.122134" m_ty="0.000000"/>
  </frame>
  <frame idx="400" w="207" h="165" x="-51.187725" y="-14.000000">
   <element name="bg" layername="BG" frame="0" z_index="36" m_a="1.000000" m_b="0.000000" m_c="0.000000" m_d="1.000000" m_tx="0.000000" m_ty="0.000000"/>
   <element name="m" layername="M" frame="1" z_index="35" m_a="1.000000" m_b="0.000000" m_c="0.000000" m_d="1.000000" m_tx="-33.687725" m_ty="41.000000"/>
   <element name="o" layername="O" frame="1" z_index="34" m_a="0.639100" m_b="-0.186441" m_c="0.186000" m_d="0.637587" m_tx="2.122134" m_ty="0.000000"/>
  </frame>
  <frame idx="425" w="207" h="165" x="-51.187725" y="-14.000000">
   <element name="bg" layername="BG" frame="0" z_index="36" m_a="1.000000" m_b="0.000000" m_c="0.000000" m_d="1.000000" m_tx="0.000000" m_ty="0.000000"/>
   <element name="m" layername="M" frame="1" z_index="35" m_a="1.000000" m_b="0.000000" m_c="0.000000" m_d="1.000000" m_tx="-33.687725" m_ty="41.000000"/>
   <element name="o" layername="O" frame="1" z_index="34" m_a="0.828890" m_b="0.034144" m_c="-0.034111" m_d="0.828087" m_tx="2.122134" m_ty="0.000000"/>
  </frame>
  <frame idx="450" w="207" h="165" x="-51.187725" y="-14.000000">
   <element name="bg" layername="BG" frame="0" z_index="36" m_a="1.000000" m_b="0.000000" m_c="0.000000" m_d="1.000000" m_tx="0.000000" m_ty="0.000000"/>
   <element name="m" layername="M" frame="1" z_index="35" m_a="1.000000" m_b="0.000000" m_c="0.000000" m_d="1.000000" m_tx="-33.687725" m_ty="41.000000"/>
   <element name="o" layername="O" frame="1" z_index="34" m_a="0.927580" m_b="0.355711" m_c="-0.355700" m_d="0.927551" m_tx="2.122134" m_ty="0.000000"/>
  </frame>
  <frame idx="475" w="207" h="165" x="-51.187725" y="-14.000000">
   <element name="bg" layername="BG" frame="0" z_index="36" m_a="1.000000" m_b="0.000000" m_c="0.000000" m_d="1.000000" m_tx="0.000000" m_ty="0.000000"/>
   <element name="m" layername="M" frame="1" z_index="35" m_a="1.000000" m_b="0.000000" m_c="0.000000" m_d="1.000000" m_tx="-33.687725" m_ty="41.000000"/>
   <element name="o" layername="O" frame="1" z_index="34" m_a="0.959023" m_b="0.283328" m_c="-0.283328" m_d="0.959023" m_tx="2.122134" m_ty="0.000000"/>
  </frame>
  <frame idx="500" w="207" h="165" x="-51.187725" y="-14.000000">
   <element name="bg" layername="BG" frame="0" z_index="36" m_a="1.000000" m_b="0.000000" m_c="0.000000" m_d="1.000000" m_tx="0.000000" m_ty="0.000000"/>
   <element name="m" layername="M" frame="1" z_index="35" m_a="1.000000" m_b="0.000000" m_c="0.000000" m_d="1.000000" m_tx="-33.687725" m_ty="41.000000"/>
   <element name="o" layername="O" frame="1" z_index="34" m_a="0.981718" m_b="0.190341" m_c="-0.190341" m_d="0.981718" m_tx="2.122134" m_ty="0.000000"/>
  </frame>
  <frame idx="525" w="207" h="165" x="-51.187725" y="-14.000000">
   <element name="bg" layername="BG" frame="0" z_index="36" m_a="1.000000" m_b="0.000000" m_c="0.000000" m_d="1.000000" m_tx="0.000000" m_ty="0.000000"/>
   <element name="m" layername="M" frame="1" z_index="35" m_a="1.000000" m_b="0.000000" m_c="0.000000" m_d="1.000000" m_tx="-33.687725" m_ty="41.000000"/>
   <element name="o" layername="O" frame="1" z_index="34" m_a="0.995419" m_b="0.095608" m_c="-0.095608" m_d="0.995419" m_tx="2.122134" m_ty="0.000000"/>
  </frame>
  <frame idx="550" w="207" h="165" x="-51.187725" y="-14.000000">
   <element name="bg" layername="BG" frame="0" z_index="36" m_a="1.000000" m_b="0.000000" m_c="0.000000" m_d="1.000000" m_tx="0.000000" m_ty="0.000000"/>
   <element name="m" layername="M" frame="1" z_index="35" m_a="1.000000" m_b="0.000000" m_c="0.000000" m_d="1.000000" m_tx="-33.687725" m_ty="41.000000"/>
   <element name="d" layername="D" frame="1" z_index="34" m_a="1.000000" m_b="0.000000" m_c="0.000000" m_d="0.006908" m_tx="35.965034" m_ty="42.500000"/>
   <element name="o" layername="O" frame="1" z_index="33" m_a="1.000000" m_b="0.000000" m_c="0.000000" m_d="1.000000" m_tx="2.122134" m_ty="0.000000"/>
  </frame>
  <frame idx="575" w="207" h="165" x="-51.187725" y="-14.000000">
   <element name="bg" layername="BG" frame="0" z_index="36" m_a="1.000000" m_b="0.000000" m_c="0.000000" m_d="1.000000" m_tx="0.000000" m_ty="0.000000"/>
   <element name="m" layername="M" frame="1" z_index="35" m_a="1.000000" m_b="0.000000" m_c="0.000000" m_d="1.000000" m_tx="-33.687725" m_ty="41.000000"/>
   <element name="d" layername="D" frame="1" z_index="34" m_a="1.000000" m_b="0.000000" m_c="0.000000" m_d="0.279130" m_tx="35.965034" m_ty="42.500000"/>
   <element name="o" layername="O" frame="1" z_index="33" m_a="1.000000" m_b="0.000000" m_c="0.000000" m_d="1.000000" m_tx="2.122134" m_ty="0.000000"/>
  </frame>
  <frame idx="600" w="207" h="165" x="-51.187725" y="-14.000000">
   <element name="bg" layername="BG" frame="0" z_index="36" m_a="1.000000" m_b="0.000000" m_c="0.000000" m_d="1.000000" m_tx="0.000000" m_ty="0.000000"/>
   <element name="m" layername="M" frame="1" z_index="35" m_a="1.000000" m_b="0.000000" m_c="0.000000" m_d="1.000000" m_tx="-33.687725" m_ty="41.000000"/>
   <element name="d" layername="D" frame="1" z_index="34" m_a="1.000000" m_b="0.000000" m_c="0.000000" m_d="0.551353" m_tx="35.965034" m_ty="42.500000"/>
   <element name="o" layername="O" frame="1" z_index="33" m_a="1.000000" m_b="0.000000" m_c="0.000000" m_d="1.000000" m_tx="2.122134" m_ty="0.000000"/>
  </frame>
  <frame idx="625" w="207" h="165" x="-51.187725" y="-14.000000">
   <element name="bg" layername="BG" frame="0" z_index="36" m_a="1.000000" m_b="0.000000" m_c="0.000000" m_d="1.000000" m_tx="0.000000" m_ty="0.000000"/>
   <element name="m" layername="M" frame="1" z_index="35" m_a="1.000000" m_b="0.000000" m_c="0.000000" m_d="1.000000" m_tx="-33.687725" m_ty="41.000000"/>
   <element name="d" layername="D" frame="1" z_index="34" m_a="1.000000" m_b="0.000000" m_c="0.000000" m_d="0.823575" m_tx="35.965034" m_ty="42.500000"/>
   <element name="o" layername="O" frame="1" z_index="33" m_a="1.000000" m_b="0.000000" m_c="0.000000" m_d="1.000000" m_tx="2.122134" m_ty="0.000000"/>
  </frame>
  <frame idx="650" w="207" h="171" x="-51.187725" y="-18.571415">
   <element name="bg" layername="BG" frame="0" z_index="36" m_a="1.000000" m_b="0.000000" m_c="0.000000" m_d="1.000000" m_tx="0.000000" m_ty="0.000000"/>
   <element name="m" layername="M" frame="1" z_index="35" m_a="1.000000" m_b="0.000000" m_c="0.000000" m_d="1.000000" m_tx="-33.687725" m_ty="41.000000"/>
   <element name="d" layername="D" frame="1" z_index="34" m_a="1.000000" m_b="0.000000" m_c="0.000000" m_d="1.095798" m_tx="35.965034" m_ty="42.500000"/>
   <element name="o" layername="O" frame="1" z_index="33" m_a="1.000000" m_b="0.000000" m_c="0.000000" m_d="1.000000" m_tx="2.122134" m_ty="0.000000"/>
  </frame>
  <frame idx="675" w="207" h="168" x="-51.187725" y="-16.035709">
   <element name="bg" layername="BG" frame="0" z_index="36" m_a="1.000000" m_b="0.000000" m_c="0.000000" m_d="1.000000" m_tx="0.000000" m_ty="0.000000"/>
   <element name="m" layername="M" frame="1" z_index="35" m_a="1.000000" m_b="0.000000" m_c="0.000000" m_d="1.000000" m_tx="-33.687725" m_ty="41.000000"/>
   <element name="d" layername="D" frame="1" z_index="34" m_a="1.000000" m_b="0.000000" m_c="0.000000" m_d="1.047899" m_tx="35.965034" m_ty="42.500000"/>
   <element name="o" layername="O" frame="1" z_index="33" m_a="1.000000" m_b="0.000000" m_c="0.000000" m_d="1.000000" m_tx="2.122134" m_ty="0.000000"/>
  </frame>
 </anim>
 <anim name="onclick_enabled_neud" root="mods_button" numframes="400" framerate="40">
  <frame idx="0" w="207" h="165" x="-51.187725" y="-14.000000">
   <element name="bg" layername="BG" frame="0" z_index="36" m_a="1.000000" m_b="0.000000" m_c="0.000000" m_d="1.000000" m_tx="0.000000" m_ty="0.000000"/>
   <element name="m" layername="M" frame="0" z_index="35" m_a="1.000000" m_b="0.000000" m_c="0.000000" m_d="1.000000" m_tx="-33.687725" m_ty="41.000000"/>
   <element name="d" layername="D" frame="0" z_index="34" m_a="1.000000" m_b="0.000000" m_c="0.000000" m_d="1.000000" m_tx="35.965034" m_ty="42.500000"/>
   <element name="o" layername="O" frame="0" z_index="33" m_a="1.000000" m_b="0.000000" m_c="0.000000" m_d="1.000000" m_tx="2.122134" m_ty="0.000000"/>
  </frame>
  <frame idx="25" w="211" h="158" x="-52.199448" y="-11.525700">
   <element name="bg" layername="BG" frame="0" z_index="36" m_a="1.015190" m_b="0.000000" m_c="0.000000" m_d="0.969300" m_tx="0.000000" m_ty="1.974306"/>
   <element name="m" layername="M" frame="0" z_index="35" m_a="1.015190" m_b="0.000000" m_c="0.000000" m_d="0.969300" m_tx="-34.199448" m_ty="41.715611"/>
   <element name="d" layername="D" frame="0" z_index="34" m_a="1.015190" m_b="0.000000" m_c="0.000000" m_d="0.969300" m_tx="36.511349" m_ty="43.169563"/>
   <element name="o" layername="O" frame="0" z_index="33" m_a="1.015190" m_b="0.000000" m_c="0.000000" m_d="0.969300" m_tx="2.154369" m_ty="1.974306"/>
  </frame>
  <frame idx="50" w="213" h="150" x="-52.711170" y="-8.551392">
   <element name="bg" layername="BG" frame="0" z_index="36" m_a="1.030380" m_b="0.000000" m_c="0.000000" m_d="0.938600" m_tx="0.000000" m_ty="3.948613"/>
   <element name="m" layername="M" frame="0" z_index="35" m_a="1.030380" m_b="0.000000" m_c="0.000000" m_d="0.938600" m_tx="-34.711170" m_ty="42.431225"/>
   <element name="d" layername="D" frame="0" z_index="34" m_a="1.030380" m_b="0.000000" m_c="0.000000" m_d="0.938600" m_tx="37.057663" m_ty="43.839127"/>
   <element name="o" layername="O" frame="0" z_index="33" m_a="1.030380" m_b="0.000000" m_c="0.000000" m_d="0.938600" m_tx="2.186605" m_ty="3.948613"/>
  </frame>
  <frame idx="75" w="217" h="143" x="-53.722893" y="-6.077087">
   <element name="bg" layername="BG" frame="0" z_index="36" m_a="1.045570" m_b="0.000000" m_c="0.000000" m_d="0.907901" m_tx="0.000000" m_ty="5.922919"/>
   <element name="m" layername="M" frame="0" z_index="35" m_a="1.045570" m_b="0.000000" m_c="0.000000" m_d="0.907901" m_tx="-35.222893" m_ty="43.146835"/>
   <element name="d" layername="D" frame="0" z_index="34" m_a="1.045570" m_b="0.000000" m_c="0.000000" m_d="0.907901" m_tx="37.603981" m_ty="44.508686"/>
   <element name="o" layername="O" frame="0" z_index="33" m_a="1.045570" m_b="0.000000" m_c="0.000000" m_d="0.907901" m_tx="2.218840" m_ty="5.922919"/>
  </frame>
  <frame idx="100" w="220" h="136" x="-54.234615" y="-3.602783">
   <element name="bg" layername="BG" frame="0" z_index="36" m_a="1.060761" m_b="0.000000" m_c="0.000000" m_d="0.877201" m_tx="0.000000" m_ty="7.897225"/>
   <element name="m" layername="M" frame="0" z_index="35" m_a="1.060761" m_b="0.000000" m_c="0.000000" m_d="0.877201" m_tx="-35.734615" m_ty="43.862450"/>
   <element name="d" layername="D" frame="0" z_index="34" m_a="1.060761" m_b="0.000000" m_c="0.000000" m_d="0.877201" m_tx="38.150295" m_ty="45.178249"/>
   <element name="o" layername="O" frame="0" z_index="33" m_a="1.060761" m_b="0.000000" m_c="0.000000" m_d="0.877201" m_tx="2.251076" m_ty="7.897225"/>
  </frame>
  <frame idx="125" w="223" h="129" x="-55.246334" y="-1.128479">
   <element name="bg" layername="BG" frame="0" z_index="36" m_a="1.075951" m_b="0.000000" m_c="0.000000" m_d="0.846501" m_tx="0.000000" m_ty="9.871531"/>
   <element name="m" layername="M" frame="0" z_index="35" m_a="1.075951" m_b="0.000000" m_c="0.000000" m_d="0.846501" m_tx="-36.246334" m_ty="44.578060"/>
   <element name="d" layername="D" frame="0" z_index="34" m_a="1.075951" m_b="0.000000" m_c="0.000000" m_d="0.846501" m_tx="38.696609" m_ty="45.847813"/>
   <element name="o" layername="O" frame="0" z_index="33" m_a="1.075951" m_b="0.000000" m_c="0.000000" m_d="0.846501" m_tx="2.283311" m_ty="9.871531"/>
  </frame>
  <frame idx="150" w="224" h="140" x="-55.436924" y="-4.214073">
   <element name="bg" layername="BG" frame="0" z_index="36" m_a="1.081608" m_b="0.000000" m_c="0.000000" m_d="0.900007" m_tx="0.000000" m_ty="7.785938"/>
   <element name="m" layername="M" frame="0" z_index="35" m_a="1.081608" m_b="0.000000" m_c="0.000000" m_d="0.900007" m_tx="-36.436924" m_ty="44.686226"/>
   <element name="d" layername="D" frame="0" z_index="34" m_a="1.081608" m_b="0.000000" m_c="0.000000" m_d="0.900007" m_tx="38.900082" m_ty="46.036240"/>
   <element name="o" layername="O" frame="0" z_index="33" m_a="1.081608" m_b="0.000000" m_c="0.000000" m_d="0.900007" m_tx="2.295317" m_ty="7.785938"/>
  </frame>
  <frame idx="175" w="225" h="158" x="-55.502625" y="-9.378517">
   <element name="bg" layername="BG" frame="0" z_index="36" m_a="1.083559" m_b="0.000000" m_c="0.000000" m_d="0.986260" m_tx="0.000000" m_ty="4.121495"/>
   <element name="m" layername="M" frame="0" z_index="35" m_a="1.083559" m_b="0.000000" m_c="0.000000" m_d="0.986260" m_tx="-36.502625" m_ty="44.558163"/>
   <element name="d" layername="D" frame="0" z_index="34" m_a="1.083559" m_b="0.000000" m_c="0.000000" m_d="0.986260" m_tx="38.970222" m_ty="46.037556"/>
   <element name="o" layername="O" frame="0" z_index="33" m_a="1.083559" m_b="0.000000" m_c="0.000000" m_d="0.986260" m_tx="2.299456" m_ty="4.121495"/>
  </frame>
  <frame idx="200" w="225" h="177" x="-55.568325" y="-14.542957">
   <element name="bg" layername="BG" frame="0" z_index="36" m_a="1.085509" m_b="0.000000" m_c="0.000000" m_d="1.072514" m_tx="0.000000" m_ty="0.457051"/>
   <element name="m" layername="M" frame="0" z_index="35" m_a="1.085509" m_b="0.000000" m_c="0.000000" m_d="1.072514" m_tx="-36.568325" m_ty="44.430099"/>
   <element name="d" layername="D" frame="0" z_index="34" m_a="1.085509" m_b="0.000000" m_c="0.000000" m_d="1.072514" m_tx="39.040367" m_ty="46.038872"/>
   <element name="o" layername="O" frame="0" z_index="33" m_a="1.085509" m_b="0.000000" m_c="0.000000" m_d="1.072514" m_tx="2.303595" m_ty="0.457051"/>
  </frame>
  <frame idx="225" w="225" h="195" x="-55.634029" y="-19.707405">
   <element name="bg" layername="BG" frame="0" z_index="36" m_a="1.087459" m_b="0.000000" m_c="0.000000" m_d="1.158767" m_tx="0.000000" m_ty="-3.207393"/>
   <element name="m" layername="M" frame="0" z_index="35" m_a="1.087459" m_b="0.000000" m_c="0.000000" m_d="1.158767" m_tx="-36.634029" m_ty="44.302036"/>
   <element name="d" layername="D" frame="0" z_index="34" m_a="1.087459" m_b="0.000000" m_c="0.000000" m_d="1.158767" m_tx="39.110512" m_ty="46.040188"/>
   <element name="o" layername="O" frame="0" z_index="33" m_a="1.087459" m_b="0.000000" m_c="0.000000" m_d="1.158767" m_tx="2.307733" m_ty="-3.207393"/>
  </frame>
  <frame idx="250" w="226" h="214" x="-55.699730" y="-24.871849">
   <element name="bg" layername="BG" frame="0" z_index="36" m_a="1.089410" m_b="0.000000" m_c="0.000000" m_d="1.245020" m_tx="0.000000" m_ty="-6.871836"/>
   <element name="m" layername="M" frame="0" z_index="35" m_a="1.089410" m_b="0.000000" m_c="0.000000" m_d="1.245020" m_tx="-36.699730" m_ty="44.173973"/>
   <element name="d" layername="D" frame="0" z_index="34" m_a="1.089410" m_b="0.000000" m_c="0.000000" m_d="1.245020" m_tx="39.180653" m_ty="46.041504"/>
   <element name="o" layername="O" frame="0" z_index="33" m_a="1.089410" m_b="0.000000" m_c="0.000000" m_d="1.245020" m_tx="2.311872" m_ty="-6.871836"/>
  </frame>
  <frame idx="275" w="225" h="221" x="-55.536655" y="-27.098034">
   <element name="bg" layername="BG" frame="0" z_index="36" m_a="1.084569" m_b="0.000000" m_c="0.000000" m_d="1.280058" m_tx="0.000000" m_ty="-8.598022"/>
   <element name="m" layername="M" frame="1" z_index="35" m_a="1.084569" m_b="0.000000" m_c="0.000000" m_d="1.280058" m_tx="-36.536655" m_ty="43.884342"/>
   <element name="d" layername="D" frame="0" z_index="34" m_a="1.084523" m_b="0.000000" m_c="0.000000" m_d="1.279904" m_tx="39.004883" m_ty="45.802612"/>
   <element name="o" layername="O" frame="0" z_index="33" m_a="1.084477" m_b="0.000000" m_c="0.000000" m_d="1.279752" m_tx="2.301404" m_ty="-8.588642"/>
  </frame>
  <frame idx="300" w="221" h="211" x="-54.466869" y="-24.878429">
   <element name="bg" layername="BG" frame="0" z_index="36" m_a="1.067655" m_b="0.000000" m_c="0.000000" m_d="1.224046" m_tx="0.000000" m_ty="-6.878417"/>
   <element name="m" layername="M" frame="1" z_index="35" m_a="1.067655" m_b="0.000000" m_c="0.000000" m_d="1.224046" m_tx="-35.966869" m_ty="43.307472"/>
   <element name="d" layername="D" frame="0" z_index="34" m_a="1.067480" m_b="0.000000" m_c="0.000000" m_d="1.223465" m_tx="38.391937" m_ty="45.136684"/>
   <element name="o" layername="O" frame="0" z_index="33" m_a="1.067306" m_b="0.000000" m_c="0.000000" m_d="1.222892" m_tx="2.264967" m_ty="-6.842983"/>
  </frame>
  <frame idx="325" w="218" h="200" x="-53.897083" y="-22.158821">
   <element name="bg" layername="BG" frame="0" z_index="36" m_a="1.050741" m_b="0.000000" m_c="0.000000" m_d="1.168035" m_tx="0.000000" m_ty="-5.158813"/>
   <element name="m" layername="M" frame="1" z_index="35" m_a="1.050741" m_b="0.000000" m_c="0.000000" m_d="1.168035" m_tx="-35.397083" m_ty="42.730606"/>
   <element name="d" layername="D" frame="0" z_index="34" m_a="1.050437" m_b="0.000000" m_c="0.000000" m_d="1.167026" m_tx="37.778992" m_ty="44.470753"/>
   <element name="o" layername="O" frame="1" z_index="33" m_a="1.050365" m_b="0.000000" m_c="0.000000" m_d="1.166790" m_tx="2.229016" m_ty="-5.120599"/>
  </frame>
  <frame idx="350" w="214" h="188" x="-52.827297" y="-19.439213">
   <element name="bg" layername="BG" frame="0" z_index="36" m_a="1.033828" m_b="0.000000" m_c="0.000000" m_d="1.112023" m_tx="0.000000" m_ty="-3.439209"/>
   <element name="m" layername="M" frame="1" z_index="35" m_a="1.033828" m_b="0.000000" m_c="0.000000" m_d="1.112023" m_tx="-34.827297" m_ty="42.153736"/>
   <element name="d" layername="D" frame="0" z_index="34" m_a="1.033394" m_b="0.000000" m_c="0.000000" m_d="1.110586" m_tx="37.166042" m_ty="43.804825"/>
   <element name="o" layername="O" frame="1" z_index="33" m_a="1.033577" m_b="0.000000" m_c="0.000000" m_d="1.111193" m_tx="2.193388" m_ty="-3.413733"/>
  </frame>
  <frame idx="375" w="211" h="177" x="-52.257511" y="-16.719604">
   <element name="bg" layername="BG" frame="0" z_index="36" m_a="1.016914" m_b="0.000000" m_c="0.000000" m_d="1.056012" m_tx="0.000000" m_ty="-1.719604"/>
   <element name="m" layername="M" frame="1" z_index="35" m_a="1.016914" m_b="0.000000" m_c="0.000000" m_d="1.056012" m_tx="-34.257511" m_ty="41.576870"/>
   <element name="d" layername="D" frame="1" z_index="34" m_a="1.016650" m_b="0.000000" m_c="0.000000" m_d="1.055137" m_tx="36.563843" m_ty="43.150570"/>
   <element name="o" layername="O" frame="1" z_index="33" m_a="1.016788" m_b="0.000000" m_c="0.000000" m_d="1.055597" m_tx="2.157761" m_ty="-1.706867"/>
  </frame>
 </anim>
 <anim name="onclick_disabled_neud" root="mods_button" numframes="400" framerate="40">
  <frame idx="0" w="207" h="165" x="-51.187725" y="-14.000000">
   <element name="bg" layername="BG" frame="0" z_index="36" m_a="1.000000" m_b="0.000000" m_c="0.000000" m_d="1.000000" m_tx="0.000000" m_ty="0.000000"/>
   <element name="m" layername="M" frame="1" z_index="35" m_a="1.000000" m_b="0.000000" m_c="0.000000" m_d="1.000000" m_tx="-33.687725" m_ty="41.000000"/>
   <element name="d" layername="D" frame="1" z_index="34" m_a="1.000000" m_b="0.000000" m_c="0.000000" m_d="1.000000" m_tx="35.965034" m_ty="42.500000"/>
   <element name="o" layername="O" frame="1" z_index="33" m_a="1.000000" m_b="0.000000" m_c="0.000000" m_d="1.000000" m_tx="2.122134" m_ty="0.000000"/>
  </frame>
  <frame idx="25" w="211" h="158" x="-52.199448" y="-11.525700">
   <element name="bg" layername="BG" frame="0" z_index="36" m_a="1.015190" m_b="0.000000" m_c="0.000000" m_d="0.969300" m_tx="0.000000" m_ty="1.974306"/>
   <element name="m" layername="M" frame="1" z_index="35" m_a="1.015190" m_b="0.000000" m_c="0.000000" m_d="0.969300" m_tx="-34.199448" m_ty="41.715611"/>
   <element name="d" layername="D" frame="1" z_index="34" m_a="1.015190" m_b="0.000000" m_c="0.000000" m_d="0.969300" m_tx="36.511349" m_ty="43.169563"/>
   <element name="o" layername="O" frame="1" z_index="33" m_a="1.015190" m_b="0.000000" m_c="0.000000" m_d="0.969300" m_tx="2.154369" m_ty="1.974306"/>
  </frame>
  <frame idx="50" w="213" h="150" x="-52.711170" y="-8.551392">
   <element name="bg" layername="BG" frame="0" z_index="36" m_a="1.030380" m_b="0.000000" m_c="0.000000" m_d="0.938600" m_tx="0.000000" m_ty="3.948613"/>
   <element name="m" layername="M" frame="1" z_index="35" m_a="1.030380" m_b="0.000000" m_c="0.000000" m_d="0.938600" m_tx="-34.711170" m_ty="42.431225"/>
   <element name="d" layername="D" frame="1" z_index="34" m_a="1.030380" m_b="0.000000" m_c="0.000000" m_d="0.938600" m_tx="37.057663" m_ty="43.839127"/>
   <element name="o" layername="O" frame="1" z_index="33" m_a="1.030380" m_b="0.000000" m_c="0.000000" m_d="0.938600" m_tx="2.186605" m_ty="3.948613"/>
  </frame>
  <frame idx="75" w="217" h="143" x="-53.722893" y="-6.077087">
   <element name="bg" layername="BG" frame="0" z_index="36" m_a="1.045570" m_b="0.000000" m_c="0.000000" m_d="0.907901" m_tx="0.000000" m_ty="5.922919"/>
   <element name="m" layername="M" frame="1" z_index="35" m_a="1.045570" m_b="0.000000" m_c="0.000000" m_d="0.907901" m_tx="-35.222893" m_ty="43.146835"/>
   <element name="d" layername="D" frame="1" z_index="34" m_a="1.045570" m_b="0.000000" m_c="0.000000" m_d="0.907901" m_tx="37.603981" m_ty="44.508686"/>
   <element name="o" layername="O" frame="1" z_index="33" m_a="1.045570" m_b="0.000000" m_c="0.000000" m_d="0.907901" m_tx="2.218840" m_ty="5.922919"/>
  </frame>
  <frame idx="100" w="220" h="136" x="-54.234615" y="-3.602783">
   <element name="bg" layername="BG" frame="0" z_index="36" m_a="1.060761" m_b="0.000000" m_c="0.000000" m_d="0.877201" m_tx="0.000000" m_ty="7.897225"/>
   <element name="m" layername="M" frame="1" z_index="35" m_a="1.060761" m_b="0.000000" m_c="0.000000" m_d="0.877201" m_tx="-35.734615" m_ty="43.862450"/>
   <element name="d" layername="D" frame="1" z_index="34" m_a="1.060761" m_b="0.000000" m_c="0.000000" m_d="0.877201" m_tx="38.150295" m_ty="45.178249"/>
   <element name="o" layername="O" frame="1" z_index="33" m_a="1.060761" m_b="0.000000" m_c="0.000000" m_d="0.877201" m_tx="2.251076" m_ty="7.897225"/>
  </frame>
  <frame idx="125" w="223" h="129" x="-55.246334" y="-1.128479">
   <element name="bg" layername="BG" frame="0" z_index="36" m_a="1.075951" m_b="0.000000" m_c="0.000000" m_d="0.846501" m_tx="0.000000" m_ty="9.871531"/>
   <element name="m" layername="M" frame="1" z_index="35" m_a="1.075951" m_b="0.000000" m_c="0.000000" m_d="0.846501" m_tx="-36.246334" m_ty="44.578060"/>
   <element name="d" layername="D" frame="1" z_index="34" m_a="1.075951" m_b="0.000000" m_c="0.000000" m_d="0.846501" m_tx="38.696609" m_ty="45.847813"/>
   <element name="o" layername="O" frame="1" z_index="33" m_a="1.075951" m_b="0.000000" m_c="0.000000" m_d="0.846501" m_tx="2.283311" m_ty="9.871531"/>
  </frame>
  <frame idx="150" w="224" h="140" x="-55.436924" y="-4.214073">
   <element name="bg" layername="BG" frame="0" z_index="36" m_a="1.081608" m_b="0.000000" m_c="0.000000" m_d="0.900007" m_tx="0.000000" m_ty="7.785938"/>
   <element name="m" layername="M" frame="1" z_index="35" m_a="1.081608" m_b="0.000000" m_c="0.000000" m_d="0.900007" m_tx="-36.436924" m_ty="44.686226"/>
   <element name="d" layername="D" frame="1" z_index="34" m_a="1.081608" m_b="0.000000" m_c="0.000000" m_d="0.900007" m_tx="38.900082" m_ty="46.036240"/>
   <element name="o" layername="O" frame="1" z_index="33" m_a="1.081608" m_b="0.000000" m_c="0.000000" m_d="0.900007" m_tx="2.295317" m_ty="7.785938"/>
  </frame>
  <frame idx="175" w="225" h="158" x="-55.502625" y="-9.378517">
   <element name="bg" layername="BG" frame="0" z_index="36" m_a="1.083559" m_b="0.000000" m_c="0.000000" m_d="0.986260" m_tx="0.000000" m_ty="4.121495"/>
   <element name="m" layername="M" frame="1" z_index="35" m_a="1.083559" m_b="0.000000" m_c="0.000000" m_d="0.986260" m_tx="-36.502625" m_ty="44.558163"/>
   <element name="d" layername="D" frame="1" z_index="34" m_a="1.083559" m_b="0.000000" m_c="0.000000" m_d="0.986260" m_tx="38.970222" m_ty="46.037556"/>
   <element name="o" layername="O" frame="1" z_index="33" m_a="1.083559" m_b="0.000000" m_c="0.000000" m_d="0.986260" m_tx="2.299456" m_ty="4.121495"/>
  </frame>
  <frame idx="200" w="225" h="177" x="-55.568325" y="-14.542957">
   <element name="bg" layername="BG" frame="0" z_index="36" m_a="1.085509" m_b="0.000000" m_c="0.000000" m_d="1.072514" m_tx="0.000000" m_ty="0.457051"/>
   <element name="m" layername="M" frame="1" z_index="35" m_a="1.085509" m_b="0.000000" m_c="0.000000" m_d="1.072514" m_tx="-36.568325" m_ty="44.430099"/>
   <element name="d" layername="D" frame="1" z_index="34" m_a="1.085509" m_b="0.000000" m_c="0.000000" m_d="1.072514" m_tx="39.040367" m_ty="46.038872"/>
   <element name="o" layername="O" frame="1" z_index="33" m_a="1.085509" m_b="0.000000" m_c="0.000000" m_d="1.072514" m_tx="2.303595" m_ty="0.457051"/>
  </frame>
  <frame idx="225" w="225" h="195" x="-55.634029" y="-19.707405">
   <element name="bg" layername="BG" frame="0" z_index="36" m_a="1.087459" m_b="0.000000" m_c="0.000000" m_d="1.158767" m_tx="0.000000" m_ty="-3.207393"/>
   <element name="m" layername="M" frame="1" z_index="35" m_a="1.087459" m_b="0.000000" m_c="0.000000" m_d="1.158767" m_tx="-36.634029" m_ty="44.302036"/>
   <element name="d" layername="D" frame="1" z_index="34" m_a="1.087459" m_b="0.000000" m_c="0.000000" m_d="1.158767" m_tx="39.110512" m_ty="46.040188"/>
   <element name="o" layername="O" frame="1" z_index="33" m_a="1.087459" m_b="0.000000" m_c="0.000000" m_d="1.158767" m_tx="2.307733" m_ty="-3.207393"/>
  </frame>
  <frame idx="250" w="226" h="214" x="-55.699730" y="-24.871849">
   <element name="bg" layername="BG" frame="0" z_index="36" m_a="1.089410" m_b="0.000000" m_c="0.000000" m_d="1.245020" m_tx="0.000000" m_ty="-6.871836"/>
   <element name="m" layername="M" frame="1" z_index="35" m_a="1.089410" m_b="0.000000" m_c="0.000000" m_d="1.245020" m_tx="-36.699730" m_ty="44.173973"/>
   <element name="d" layername="D" frame="1" z_index="34" m_a="1.089410" m_b="0.000000" m_c="0.000000" m_d="1.245020" m_tx="39.180653" m_ty="46.041504"/>
   <element name="o" layername="O" frame="1" z_index="33" m_a="1.089410" m_b="0.000000" m_c="0.000000" m_d="1.245020" m_tx="2.311872" m_ty="-6.871836"/>
  </frame>
  <frame idx="275" w="225" h="221" x="-55.536655" y="-27.098034">
   <element name="bg" layername="BG" frame="0" z_index="36" m_a="1.084569" m_b="0.000000" m_c="0.000000" m_d="1.280058" m_tx="0.000000" m_ty="-8.598022"/>
   <element name="m" layername="M" frame="0" z_index="35" m_a="1.084569" m_b="0.000000" m_c="0.000000" m_d="1.280058" m_tx="-36.536655" m_ty="43.884342"/>
   <element name="d" layername="D" frame="1" z_index="34" m_a="1.084523" m_b="0.000000" m_c="0.000000" m_d="1.279904" m_tx="39.004883" m_ty="45.802612"/>
   <element name="o" layername="O" frame="1" z_index="33" m_a="1.084477" m_b="0.000000" m_c="0.000000" m_d="1.279752" m_tx="2.301404" m_ty="-8.588642"/>
  </frame>
  <frame idx="300" w="221" h="211" x="-54.466869" y="-24.878433">
   <element name="bg" layername="BG" frame="0" z_index="36" m_a="1.067655" m_b="0.000000" m_c="0.000000" m_d="1.224046" m_tx="0.000000" m_ty="-6.878417"/>
   <element name="m" layername="M" frame="0" z_index="35" m_a="1.067655" m_b="0.000000" m_c="0.000000" m_d="1.224047" m_tx="-35.966869" m_ty="43.307476"/>
   <element name="d" layername="D" frame="1" z_index="34" m_a="1.067480" m_b="0.000000" m_c="0.000000" m_d="1.223465" m_tx="38.391937" m_ty="45.136684"/>
   <element name="o" layername="O" frame="1" z_index="33" m_a="1.067306" m_b="0.000000" m_c="0.000000" m_d="1.222892" m_tx="2.264967" m_ty="-6.842983"/>
  </frame>
  <frame idx="325" w="218" h="200" x="-53.897083" y="-22.158829">
   <element name="bg" layername="BG" frame="0" z_index="36" m_a="1.050741" m_b="0.000000" m_c="0.000000" m_d="1.168035" m_tx="0.000000" m_ty="-5.158813"/>
   <element name="m" layername="M" frame="0" z_index="35" m_a="1.050742" m_b="0.000000" m_c="0.000000" m_d="1.168035" m_tx="-35.397083" m_ty="42.730606"/>
   <element name="d" layername="D" frame="1" z_index="34" m_a="1.050437" m_b="0.000000" m_c="0.000000" m_d="1.167026" m_tx="37.778992" m_ty="44.470753"/>
   <element name="o" layername="O" frame="0" z_index="33" m_a="1.050136" m_b="0.000000" m_c="0.000000" m_d="1.166032" m_tx="2.228530" m_ty="-5.097324"/>
  </frame>
  <frame idx="350" w="214" h="188" x="-52.827297" y="-19.439217">
   <element name="bg" layername="BG" frame="0" z_index="36" m_a="1.033828" m_b="0.000000" m_c="0.000000" m_d="1.112023" m_tx="0.000000" m_ty="-3.439209"/>
   <element name="m" layername="M" frame="0" z_index="35" m_a="1.033828" m_b="0.000000" m_c="0.000000" m_d="1.112023" m_tx="-34.827297" m_ty="42.153740"/>
   <element name="d" layername="D" frame="1" z_index="34" m_a="1.033394" m_b="0.000000" m_c="0.000000" m_d="1.110586" m_tx="37.166042" m_ty="43.804825"/>
   <element name="o" layername="O" frame="0" z_index="33" m_a="1.032967" m_b="0.000000" m_c="0.000000" m_d="1.109172" m_tx="2.192093" m_ty="-3.351665"/>
  </frame>
  <frame idx="375" w="211" h="177" x="-52.257511" y="-16.719608">
   <element name="bg" layername="BG" frame="0" z_index="36" m_a="1.016914" m_b="0.000000" m_c="0.000000" m_d="1.056012" m_tx="0.000000" m_ty="-1.719604"/>
   <element name="m" layername="M" frame="0" z_index="35" m_a="1.016914" m_b="0.000000" m_c="0.000000" m_d="1.056012" m_tx="-34.257511" m_ty="41.576870"/>
   <element name="d" layername="D" frame="0" z_index="34" m_a="1.016650" m_b="0.000000" m_c="0.000000" m_d="1.055137" m_tx="36.563843" m_ty="43.150570"/>
   <element name="o" layername="O" frame="0" z_index="33" m_a="1.016390" m_b="0.000000" m_c="0.000000" m_d="1.054276" m_tx="2.156915" m_ty="-1.666311"/>
  </frame>
 </anim>
</Anims>
